"Município";"COD_SEC";"saldo_202012";"saldo_202102"
"Abdon Batista";"F";-1;7
"Abdon Batista";"G";NA;-2
"Abdon Batista";"H";NA;-1
"Abdon Batista";"J";NA;3
"Abdon Batista";"K";NA;2
"Abdon Batista";"M";-1;NA
"Abdon Batista";"S";NA;1
"Abelardo Luz";"A";2;5
"Abelardo Luz";"C";15;50
"Abelardo Luz";"D";NA;1
"Abelardo Luz";"E";1;NA
"Abelardo Luz";"F";3;22
"Abelardo Luz";"G";-6;6
"Abelardo Luz";"H";-1;-3
"Abelardo Luz";"I";1;1
"Abelardo Luz";"J";2;-1
"Abelardo Luz";"K";1;-2
"Abelardo Luz";"L";NA;-1
"Abelardo Luz";"M";-2;0
"Abelardo Luz";"N";-1;NA
"Abelardo Luz";"P";-1;-2
"Abelardo Luz";"Q";2;1
"Abelardo Luz";"R";-2;NA
"Abelardo Luz";"S";-1;1
"Agrolândia";"A";-1;1
"Agrolândia";"C";-29;74
"Agrolândia";"F";NA;6
"Agrolândia";"G";-4;7
"Agrolândia";"H";-2;-1
"Agrolândia";"I";NA;4
"Agrolândia";"J";-1;-1
"Agrolândia";"K";NA;-1
"Agrolândia";"M";0;2
"Agrolândia";"N";-2;NA
"Agrolândia";"O";NA;2
"Agrolândia";"Q";-1;2
"Agrolândia";"S";NA;1
"Agronômica";"C";-25;26
"Agronômica";"E";NA;1
"Agronômica";"F";0;1
"Agronômica";"G";1;6
"Agronômica";"H";0;-1
"Agronômica";"I";0;-2
"Agronômica";"J";NA;1
"Agronômica";"K";-1;NA
"Agronômica";"L";NA;2
"Agronômica";"P";NA;0
"Agronômica";"Q";NA;0
"Agronômica";"S";NA;-1
"Água Doce";"A";-62;1
"Água Doce";"C";-1;7
"Água Doce";"D";-1;-4
"Água Doce";"E";-3;0
"Água Doce";"F";-3;1
"Água Doce";"G";5;3
"Água Doce";"H";2;9
"Água Doce";"I";3;-2
"Água Doce";"J";NA;-1
"Água Doce";"L";NA;-1
"Água Doce";"M";NA;-1
"Água Doce";"N";NA;1
"Água Doce";"Q";-1;1
"Água Doce";"S";1;NA
"Águas de Chapecó";"C";-6;12
"Águas de Chapecó";"G";-1;4
"Águas de Chapecó";"H";NA;-1
"Águas de Chapecó";"K";NA;-1
"Águas de Chapecó";"P";NA;1
"Águas de Chapecó";"S";-1;-1
"Águas Frias";"C";-7;-6
"Águas Frias";"F";-1;5
"Águas Frias";"G";5;2
"Águas Frias";"H";-4;2
"Águas Frias";"M";-1;0
"Águas Frias";"O";-1;NA
"Águas Frias";"S";NA;1
"Águas Mornas";"A";NA;0
"Águas Mornas";"B";-1;-1
"Águas Mornas";"C";-1;-2
"Águas Mornas";"F";-5;6
"Águas Mornas";"G";2;10
"Águas Mornas";"H";NA;-1
"Águas Mornas";"I";1;3
"Águas Mornas";"K";3;2
"Águas Mornas";"S";NA;1
"Alfredo Wagner";"A";2;-1
"Alfredo Wagner";"C";-3;3
"Alfredo Wagner";"F";NA;4
"Alfredo Wagner";"G";6;-3
"Alfredo Wagner";"H";-1;1
"Alfredo Wagner";"I";0;3
"Alfredo Wagner";"J";NA;1
"Alfredo Wagner";"K";1;0
"Alfredo Wagner";"M";-1;NA
"Alfredo Wagner";"N";-1;1
"Alfredo Wagner";"Q";1;3
"Alfredo Wagner";"R";NA;-4
"Alfredo Wagner";"S";1;1
"Alto Bela Vista";"C";1;3
"Alto Bela Vista";"F";NA;-1
"Alto Bela Vista";"G";-4;0
"Alto Bela Vista";"K";NA;1
"Alto Bela Vista";"S";-1;NA
"Anchieta";"C";-3;13
"Anchieta";"E";-1;2
"Anchieta";"F";NA;-1
"Anchieta";"G";3;4
"Anchieta";"H";2;3
"Anchieta";"I";0;1
"Anchieta";"M";1;4
"Anchieta";"P";-5;1
"Anchieta";"R";NA;1
"Anchieta";"S";NA;0
"Angelina";"A";-1;NA
"Angelina";"C";-2;2
"Angelina";"E";-1;2
"Angelina";"F";-1;11
"Angelina";"G";1;0
"Angelina";"I";-7;-2
"Angelina";"K";NA;-1
"Angelina";"N";NA;0
"Angelina";"P";1;3
"Angelina";"Q";0;1
"Angelina";"S";0;-1
"Anita Garibaldi";"C";-9;46
"Anita Garibaldi";"F";-1;6
"Anita Garibaldi";"G";-3;7
"Anita Garibaldi";"H";0;0
"Anita Garibaldi";"I";2;NA
"Anita Garibaldi";"J";1;NA
"Anita Garibaldi";"M";-1;NA
"Anita Garibaldi";"N";-1;1
"Anita Garibaldi";"P";NA;2
"Anita Garibaldi";"Q";NA;1
"Anita Garibaldi";"S";NA;1
"Anitápolis";"A";-2;1
"Anitápolis";"C";0;-1
"Anitápolis";"G";0;4
"Anitápolis";"H";NA;-1
"Anitápolis";"I";1;NA
"Anitápolis";"Q";0;2
"Anitápolis";"S";-1;2
"Antônio Carlos";"A";-1;3
"Antônio Carlos";"B";1;1
"Antônio Carlos";"C";9;22
"Antônio Carlos";"F";-3;3
"Antônio Carlos";"G";5;-1
"Antônio Carlos";"H";3;3
"Antônio Carlos";"I";5;2
"Antônio Carlos";"J";NA;1
"Antônio Carlos";"M";1;-1
"Antônio Carlos";"N";-2;1
"Antônio Carlos";"Q";2;1
"Antônio Carlos";"R";0;NA
"Antônio Carlos";"S";1;3
"Apiúna";"A";NA;-1
"Apiúna";"C";-66;70
"Apiúna";"D";NA;-1
"Apiúna";"F";0;2
"Apiúna";"G";-1;9
"Apiúna";"H";1;1
"Apiúna";"I";-1;6
"Apiúna";"K";1;3
"Apiúna";"M";-2;0
"Apiúna";"N";-1;-1
"Apiúna";"O";-1;1
"Apiúna";"P";-1;NA
"Apiúna";"Q";NA;-1
"Apiúna";"S";-1;1
"Arabutã";"A";NA;2
"Arabutã";"C";-1;1
"Arabutã";"F";1;-1
"Arabutã";"G";-3;-1
"Arabutã";"H";0;2
"Arabutã";"I";NA;0
"Arabutã";"N";-1;NA
"Arabutã";"P";1;NA
"Arabutã";"S";1;1
"Araquari";"A";-5;-2
"Araquari";"B";-3;-2
"Araquari";"C";-73;219
"Araquari";"E";3;6
"Araquari";"F";-76;-35
"Araquari";"G";12;39
"Araquari";"H";1;53
"Araquari";"I";-1;-8
"Araquari";"J";-1;2
"Araquari";"L";0;-1
"Araquari";"M";0;3
"Araquari";"N";4;33
"Araquari";"P";-2;5
"Araquari";"Q";-2;5
"Araquari";"R";-1;NA
"Araquari";"S";-8;22
"Araquari";"T";NA;1
"Araranguá";"A";-3;-1
"Araranguá";"B";-2;0
"Araranguá";"C";49;249
"Araranguá";"E";-1;1
"Araranguá";"F";-3;15
"Araranguá";"G";54;32
"Araranguá";"H";31;11
"Araranguá";"I";22;13
"Araranguá";"J";0;-2
"Araranguá";"K";0;-2
"Araranguá";"L";3;2
"Araranguá";"M";-4;24
"Araranguá";"N";-18;12
"Araranguá";"P";2;14
"Araranguá";"Q";2;1
"Araranguá";"R";2;3
"Araranguá";"S";0;16
"Armazém";"A";0;-1
"Armazém";"C";-22;27
"Armazém";"F";3;-4
"Armazém";"G";-2;8
"Armazém";"H";0;4
"Armazém";"I";1;1
"Armazém";"J";1;-1
"Armazém";"K";NA;1
"Armazém";"M";-2;1
"Armazém";"P";-1;NA
"Armazém";"Q";NA;4
"Armazém";"R";NA;0
"Armazém";"S";NA;1
"Arroio Trinta";"A";-3;-1
"Arroio Trinta";"C";-15;6
"Arroio Trinta";"G";-4;3
"Arroio Trinta";"H";1;-1
"Arroio Trinta";"I";-1;1
"Arroio Trinta";"J";-1;0
"Arroio Trinta";"M";NA;1
"Arroio Trinta";"Q";-1;1
"Arroio Trinta";"R";NA;-3
"Arvoredo";"A";6;14
"Arvoredo";"C";-3;4
"Arvoredo";"F";NA;-1
"Arvoredo";"G";7;-1
"Arvoredo";"H";4;-1
"Arvoredo";"I";1;-1
"Arvoredo";"S";-2;-2
"Ascurra";"A";NA;1
"Ascurra";"C";-27;22
"Ascurra";"E";-3;8
"Ascurra";"F";2;-2
"Ascurra";"G";-14;-4
"Ascurra";"H";-1;-1
"Ascurra";"I";3;2
"Ascurra";"J";NA;0
"Ascurra";"K";NA;1
"Ascurra";"M";-1;0
"Ascurra";"N";NA;1
"Ascurra";"Q";-1;NA
"Ascurra";"S";-5;6
"Atalanta";"A";3;-1
"Atalanta";"C";-3;10
"Atalanta";"E";0;1
"Atalanta";"G";-1;0
"Atalanta";"H";NA;1
"Atalanta";"M";NA;-1
"Atalanta";"S";-1;NA
"Aurora";"C";3;14
"Aurora";"F";-1;-1
"Aurora";"G";-1;-2
"Aurora";"H";-10;-3
"Aurora";"I";-1;-1
"Aurora";"J";NA;1
"Aurora";"N";2;-3
"Aurora";"Q";1;NA
"Balneário Arroio do Silva";"C";9;4
"Balneário Arroio do Silva";"E";1;NA
"Balneário Arroio do Silva";"F";2;-6
"Balneário Arroio do Silva";"G";8;0
"Balneário Arroio do Silva";"I";25;-11
"Balneário Arroio do Silva";"J";6;-2
"Balneário Arroio do Silva";"L";NA;0
"Balneário Arroio do Silva";"N";9;19
"Balneário Arroio do Silva";"P";NA;-1
"Balneário Arroio do Silva";"Q";1;NA
"Balneário Arroio do Silva";"R";NA;1
"Balneário Arroio do Silva";"S";NA;1
"Balneário Barra do Sul";"A";2;5
"Balneário Barra do Sul";"B";-1;NA
"Balneário Barra do Sul";"C";-3;-7
"Balneário Barra do Sul";"F";0;1
"Balneário Barra do Sul";"G";13;7
"Balneário Barra do Sul";"H";-1;7
"Balneário Barra do Sul";"I";4;4
"Balneário Barra do Sul";"N";-1;4
"Balneário Barra do Sul";"P";NA;0
"Balneário Camboriú";"C";-18;52
"Balneário Camboriú";"E";-9;-1
"Balneário Camboriú";"F";-214;157
"Balneário Camboriú";"G";630;-244
"Balneário Camboriú";"H";17;-25
"Balneário Camboriú";"I";702;-157
"Balneário Camboriú";"J";4;9
"Balneário Camboriú";"K";-1;0
"Balneário Camboriú";"L";-6;0
"Balneário Camboriú";"M";-5;86
"Balneário Camboriú";"N";148;-23
"Balneário Camboriú";"O";-1;2
"Balneário Camboriú";"P";-55;108
"Balneário Camboriú";"Q";19;52
"Balneário Camboriú";"R";5;33
"Balneário Camboriú";"S";-3;6
"Balneário Gaivota";"A";NA;1
"Balneário Gaivota";"B";1;NA
"Balneário Gaivota";"C";2;5
"Balneário Gaivota";"E";1;NA
"Balneário Gaivota";"F";-4;1
"Balneário Gaivota";"G";9;-1
"Balneário Gaivota";"H";0;0
"Balneário Gaivota";"I";1;-1
"Balneário Gaivota";"J";2;0
"Balneário Gaivota";"L";-1;2
"Balneário Gaivota";"N";10;-1
"Balneário Gaivota";"Q";2;NA
"Balneário Piçarras";"A";NA;-1
"Balneário Piçarras";"C";-4;51
"Balneário Piçarras";"E";11;-2
"Balneário Piçarras";"F";-6;5
"Balneário Piçarras";"G";61;16
"Balneário Piçarras";"H";-2;2
"Balneário Piçarras";"I";26;-1
"Balneário Piçarras";"J";4;3
"Balneário Piçarras";"K";-1;NA
"Balneário Piçarras";"L";5;2
"Balneário Piçarras";"M";0;4
"Balneário Piçarras";"N";5;3
"Balneário Piçarras";"P";-1;6
"Balneário Piçarras";"Q";-1;7
"Balneário Piçarras";"R";3;-1
"Balneário Piçarras";"S";0;8
"Balneário Rincão";"B";NA;4
"Balneário Rincão";"C";1;3
"Balneário Rincão";"E";NA;2
"Balneário Rincão";"F";0;-8
"Balneário Rincão";"G";35;-31
"Balneário Rincão";"H";0;1
"Balneário Rincão";"I";3;11
"Balneário Rincão";"J";1;NA
"Balneário Rincão";"K";NA;-1
"Balneário Rincão";"L";1;2
"Balneário Rincão";"M";NA;1
"Balneário Rincão";"N";10;-4
"Balneário Rincão";"P";NA;89
"Balneário Rincão";"S";NA;3
"Bandeirante";"C";2;7
"Bandeirante";"F";-1;-1
"Bandeirante";"G";1;0
"Bandeirante";"H";NA;1
"Barra Bonita";"A";-2;NA
"Barra Bonita";"C";1;2
"Barra Bonita";"F";NA;1
"Barra Bonita";"G";1;-2
"Barra Bonita";"M";NA;1
"Barra Velha";"A";-1;-1
"Barra Velha";"B";NA;-1
"Barra Velha";"C";-13;55
"Barra Velha";"E";4;2
"Barra Velha";"F";-7;3
"Barra Velha";"G";16;-24
"Barra Velha";"H";-30;-34
"Barra Velha";"I";30;-19
"Barra Velha";"J";-1;0
"Barra Velha";"K";-1;-1
"Barra Velha";"L";NA;3
"Barra Velha";"M";-4;1
"Barra Velha";"N";2;8
"Barra Velha";"P";-2;7
"Barra Velha";"Q";-1;1
"Barra Velha";"R";NA;0
"Barra Velha";"S";-2;-2
"Bela Vista do Toldo";"A";NA;2
"Bela Vista do Toldo";"G";0;0
"Bela Vista do Toldo";"H";-1;2
"Bela Vista do Toldo";"I";1;NA
"Belmonte";"F";NA;-1
"Belmonte";"G";-2;-1
"Belmonte";"H";-2;3
"Benedito Novo";"A";NA;-2
"Benedito Novo";"C";-42;72
"Benedito Novo";"E";-1;-1
"Benedito Novo";"F";1;-3
"Benedito Novo";"G";8;4
"Benedito Novo";"H";NA;0
"Benedito Novo";"I";1;NA
"Benedito Novo";"M";-1;1
"Benedito Novo";"N";NA;7
"Benedito Novo";"P";1;1
"Benedito Novo";"Q";1;-2
"Biguaçu";"A";NA;0
"Biguaçu";"B";-1;2
"Biguaçu";"C";-62;63
"Biguaçu";"D";1;4
"Biguaçu";"E";1;-1
"Biguaçu";"F";-42;154
"Biguaçu";"G";24;41
"Biguaçu";"H";-18;8
"Biguaçu";"I";3;-4
"Biguaçu";"J";-3;-5
"Biguaçu";"K";1;-2
"Biguaçu";"L";0;0
"Biguaçu";"M";0;8
"Biguaçu";"N";5;47
"Biguaçu";"P";-3;22
"Biguaçu";"Q";8;9
"Biguaçu";"R";2;-1
"Biguaçu";"S";7;17
"Blumenau";"A";3;-1
"Blumenau";"B";-2;NA
"Blumenau";"C";-945;930
"Blumenau";"D";NA;1
"Blumenau";"E";9;2
"Blumenau";"F";-193;70
"Blumenau";"G";-71;178
"Blumenau";"H";-3;-10
"Blumenau";"I";18;465
"Blumenau";"J";6;-29
"Blumenau";"K";34;82
"Blumenau";"L";-2;18
"Blumenau";"M";-46;59
"Blumenau";"N";-369;74
"Blumenau";"O";-1327;1273
"Blumenau";"P";-112;216
"Blumenau";"Q";-61;48
"Blumenau";"R";-14;34
"Blumenau";"S";-8;17
"Blumenau";"T";4;NA
"Bocaina do Sul";"A";NA;-1
"Bocaina do Sul";"C";-7;-2
"Bocaina do Sul";"F";NA;-2
"Bocaina do Sul";"G";1;1
"Bocaina do Sul";"I";1;1
"Bom Jardim da Serra";"A";-24;18
"Bom Jardim da Serra";"C";NA;2
"Bom Jardim da Serra";"G";1;16
"Bom Jardim da Serra";"I";1;13
"Bom Jardim da Serra";"J";2;NA
"Bom Jesus";"A";1;2
"Bom Jesus";"C";-3;-1
"Bom Jesus";"F";-1;1
"Bom Jesus";"G";-2;3
"Bom Jesus";"H";-1;1
"Bom Jesus";"I";-1;NA
"Bom Jesus";"M";NA;0
"Bom Jesus";"N";-4;NA
"Bom Jesus";"Q";-2;NA
"Bom Jesus do Oeste";"C";0;3
"Bom Jesus do Oeste";"G";0;1
"Bom Jesus do Oeste";"H";NA;3
"Bom Jesus do Oeste";"I";NA;-1
"Bom Retiro";"A";-48;38
"Bom Retiro";"C";3;15
"Bom Retiro";"G";-8;7
"Bom Retiro";"H";NA;-2
"Bom Retiro";"I";-1;3
"Bom Retiro";"J";2;NA
"Bom Retiro";"K";-2;NA
"Bom Retiro";"L";0;1
"Bom Retiro";"M";2;1
"Bom Retiro";"N";NA;2
"Bom Retiro";"P";-7;16
"Bom Retiro";"Q";-2;1
"Bom Retiro";"S";NA;-2
"Bombinhas";"C";10;5
"Bombinhas";"E";-2;NA
"Bombinhas";"F";-5;45
"Bombinhas";"G";224;-121
"Bombinhas";"H";4;-7
"Bombinhas";"I";304;-109
"Bombinhas";"J";-2;-6
"Bombinhas";"K";1;1
"Bombinhas";"L";6;-3
"Bombinhas";"M";5;8
"Bombinhas";"N";22;2
"Bombinhas";"O";-1;-2
"Bombinhas";"P";0;3
"Bombinhas";"Q";7;-3
"Bombinhas";"R";2;2
"Bombinhas";"S";12;3
"Botuverá";"A";-1;2
"Botuverá";"B";3;6
"Botuverá";"C";4;17
"Botuverá";"E";NA;2
"Botuverá";"F";-1;NA
"Botuverá";"G";-3;0
"Botuverá";"H";-1;0
"Botuverá";"I";-1;-1
"Botuverá";"K";NA;1
"Botuverá";"M";NA;0
"Botuverá";"N";0;1
"Botuverá";"O";-77;21
"Botuverá";"S";NA;-1
"Braço do Norte";"C";-63;90
"Braço do Norte";"D";-2;0
"Braço do Norte";"E";-2;-3
"Braço do Norte";"F";-10;4
"Braço do Norte";"G";-17;51
"Braço do Norte";"H";-8;2
"Braço do Norte";"I";-4;2
"Braço do Norte";"J";1;-6
"Braço do Norte";"K";1;4
"Braço do Norte";"L";NA;-2
"Braço do Norte";"M";-5;9
"Braço do Norte";"N";52;-18
"Braço do Norte";"O";-64;72
"Braço do Norte";"P";-6;55
"Braço do Norte";"Q";-10;4
"Braço do Norte";"R";1;4
"Braço do Norte";"S";20;0
"Braço do Trombudo";"C";-6;28
"Braço do Trombudo";"F";NA;-9
"Braço do Trombudo";"G";-3;1
"Braço do Trombudo";"H";-1;-1
"Braço do Trombudo";"I";1;NA
"Braço do Trombudo";"K";NA;-1
"Braço do Trombudo";"M";-1;-1
"Braço do Trombudo";"Q";0;4
"Braço do Trombudo";"S";1;NA
"Brunópolis";"A";-2;2
"Brunópolis";"C";-4;-6
"Brunópolis";"G";-2;3
"Brunópolis";"N";NA;1
"Brusque";"A";-1;NA
"Brusque";"B";1;0
"Brusque";"C";-754;497
"Brusque";"E";-11;11
"Brusque";"F";-106;-36
"Brusque";"G";72;45
"Brusque";"H";-8;19
"Brusque";"I";-16;21
"Brusque";"J";-8;7
"Brusque";"K";-3;4
"Brusque";"L";-4;4
"Brusque";"M";-13;27
"Brusque";"N";5;32
"Brusque";"O";1;40
"Brusque";"P";-22;71
"Brusque";"Q";13;33
"Brusque";"R";-2;17
"Brusque";"S";-3;43
"Caçador";"A";34;25
"Caçador";"B";-1;1
"Caçador";"C";-332;207
"Caçador";"E";1;3
"Caçador";"F";-11;-4
"Caçador";"G";4;-47
"Caçador";"H";4;-15
"Caçador";"I";11;9
"Caçador";"J";-5;1
"Caçador";"K";3;-1
"Caçador";"L";-1;0
"Caçador";"M";5;2
"Caçador";"N";-4;8
"Caçador";"P";-7;39
"Caçador";"Q";-2;12
"Caçador";"R";-1;15
"Caçador";"S";-10;32
"Caibi";"A";3;-1
"Caibi";"C";-16;13
"Caibi";"F";-2;0
"Caibi";"G";-6;7
"Caibi";"H";10;10
"Caibi";"I";NA;0
"Caibi";"J";-1;NA
"Caibi";"K";0;1
"Caibi";"L";NA;-1
"Caibi";"N";1;NA
"Caibi";"P";NA;0
"Caibi";"Q";-1;-1
"Caibi";"S";-4;1
"Calmon";"A";1;0
"Calmon";"C";1;2
"Calmon";"F";-2;-3
"Calmon";"G";-2;-1
"Calmon";"H";0;NA
"Calmon";"I";-1;-1
"Calmon";"J";1;NA
"Camboriú";"A";NA;0
"Camboriú";"B";-1;2
"Camboriú";"C";-2;57
"Camboriú";"E";9;0
"Camboriú";"F";-49;70
"Camboriú";"G";21;42
"Camboriú";"H";11;-8
"Camboriú";"I";10;19
"Camboriú";"J";2;0
"Camboriú";"K";1;-2
"Camboriú";"L";-1;-3
"Camboriú";"M";-1;9
"Camboriú";"N";56;18
"Camboriú";"P";-6;35
"Camboriú";"Q";-1;5
"Camboriú";"R";-7;7
"Camboriú";"S";1;6
"Camboriú";"T";1;NA
"Campo Alegre";"A";NA;-1
"Campo Alegre";"B";-1;-1
"Campo Alegre";"C";59;205
"Campo Alegre";"E";NA;1
"Campo Alegre";"F";-1;2
"Campo Alegre";"G";6;3
"Campo Alegre";"H";2;-2
"Campo Alegre";"I";4;7
"Campo Alegre";"L";NA;1
"Campo Alegre";"M";-4;NA
"Campo Alegre";"N";1;NA
"Campo Alegre";"P";NA;1
"Campo Alegre";"Q";0;-1
"Campo Alegre";"S";-1;1
"Campo Belo do Sul";"A";-7;3
"Campo Belo do Sul";"C";-6;1
"Campo Belo do Sul";"F";NA;-1
"Campo Belo do Sul";"G";-3;2
"Campo Belo do Sul";"H";NA;1
"Campo Belo do Sul";"I";1;2
"Campo Belo do Sul";"K";NA;-1
"Campo Belo do Sul";"Q";NA;0
"Campo Belo do Sul";"R";NA;1
"Campo Belo do Sul";"S";1;1
"Campo Erê";"A";-2;4
"Campo Erê";"C";-27;25
"Campo Erê";"F";-3;-3
"Campo Erê";"G";-2;2
"Campo Erê";"H";-2;-4
"Campo Erê";"I";-1;1
"Campo Erê";"J";-1;0
"Campo Erê";"K";-1;NA
"Campo Erê";"M";NA;0
"Campo Erê";"N";1;-2
"Campo Erê";"P";-2;NA
"Campo Erê";"Q";-3;1
"Campo Erê";"S";-1;1
"Campos Novos";"A";-10;-2
"Campos Novos";"B";1;NA
"Campos Novos";"C";-66;59
"Campos Novos";"D";NA;4
"Campos Novos";"E";NA;2
"Campos Novos";"F";1;-7
"Campos Novos";"G";-13;19
"Campos Novos";"H";7;4
"Campos Novos";"I";-5;5
"Campos Novos";"J";NA;1
"Campos Novos";"K";-1;-1
"Campos Novos";"M";-6;8
"Campos Novos";"N";5;-1
"Campos Novos";"P";-2;10
"Campos Novos";"Q";4;-3
"Campos Novos";"R";-1;0
"Campos Novos";"S";-42;43
"Canelinha";"B";0;0
"Canelinha";"C";-47;50
"Canelinha";"F";-1;1
"Canelinha";"G";-1;6
"Canelinha";"H";2;1
"Canelinha";"I";-1;1
"Canelinha";"J";1;0
"Canelinha";"L";NA;1
"Canelinha";"N";0;NA
"Canelinha";"O";-86;88
"Canelinha";"P";-8;4
"Canelinha";"Q";0;2
"Canelinha";"S";NA;1
"Canoinhas";"A";-6;18
"Canoinhas";"B";-2;-1
"Canoinhas";"C";-30;104
"Canoinhas";"E";0;5
"Canoinhas";"F";11;54
"Canoinhas";"G";9;19
"Canoinhas";"H";3;-2
"Canoinhas";"I";-1;18
"Canoinhas";"J";2;-1
"Canoinhas";"K";5;1
"Canoinhas";"L";-1;0
"Canoinhas";"M";-6;-3
"Canoinhas";"N";-8;10
"Canoinhas";"O";NA;-2
"Canoinhas";"P";-25;32
"Canoinhas";"Q";4;0
"Canoinhas";"R";NA;-1
"Canoinhas";"S";-1;7
"Canoinhas";"T";2;-1
"Capão Alto";"A";1;NA
"Capão Alto";"B";1;-3
"Capão Alto";"C";0;3
"Capão Alto";"F";1;2
"Capão Alto";"G";-1;0
"Capão Alto";"H";-1;5
"Capão Alto";"I";1;4
"Capinzal";"A";-2;4
"Capinzal";"C";-11;105
"Capinzal";"F";-10;-4
"Capinzal";"G";-14;-3
"Capinzal";"H";-1;0
"Capinzal";"I";6;1
"Capinzal";"J";1;2
"Capinzal";"K";1;NA
"Capinzal";"L";NA;1
"Capinzal";"M";2;-1
"Capinzal";"N";5;-8
"Capinzal";"P";0;-2
"Capinzal";"Q";1;5
"Capinzal";"R";-2;0
"Capinzal";"S";1;1
"Capivari de Baixo";"A";-1;23
"Capivari de Baixo";"C";-14;0
"Capivari de Baixo";"D";NA;4
"Capivari de Baixo";"F";-41;11
"Capivari de Baixo";"G";15;-19
"Capivari de Baixo";"H";-1;0
"Capivari de Baixo";"I";3;5
"Capivari de Baixo";"J";NA;0
"Capivari de Baixo";"L";NA;3
"Capivari de Baixo";"M";-1;2
"Capivari de Baixo";"N";2;2
"Capivari de Baixo";"P";1;17
"Capivari de Baixo";"Q";0;1
"Capivari de Baixo";"R";1;0
"Capivari de Baixo";"S";-13;-2
"Catanduvas";"A";-1;4
"Catanduvas";"C";-3;8
"Catanduvas";"F";NA;-1
"Catanduvas";"G";6;19
"Catanduvas";"H";-4;-1
"Catanduvas";"I";2;2
"Catanduvas";"J";1;1
"Catanduvas";"K";-1;0
"Catanduvas";"L";NA;-1
"Catanduvas";"M";0;3
"Catanduvas";"N";-1;-1
"Catanduvas";"P";-2;18
"Catanduvas";"Q";1;-2
"Catanduvas";"S";NA;6
"Caxambu do Sul";"A";1;0
"Caxambu do Sul";"C";-3;22
"Caxambu do Sul";"F";-1;NA
"Caxambu do Sul";"G";-3;0
"Caxambu do Sul";"H";0;0
"Caxambu do Sul";"K";-1;NA
"Celso Ramos";"C";-2;-1
"Celso Ramos";"E";3;NA
"Celso Ramos";"G";-2;2
"Celso Ramos";"H";1;0
"Cerro Negro";"A";NA;-1
"Cerro Negro";"C";NA;-1
"Cerro Negro";"G";-1;1
"Cerro Negro";"H";NA;2
"Chapadão do Lageado";"C";0;0
"Chapadão do Lageado";"F";1;2
"Chapadão do Lageado";"G";2;4
"Chapadão do Lageado";"H";1;1
"Chapadão do Lageado";"J";2;NA
"Chapecó";"A";-4;3
"Chapecó";"B";NA;-1
"Chapecó";"C";-289;366
"Chapecó";"D";-2;3
"Chapecó";"E";-6;12
"Chapecó";"F";-175;156
"Chapecó";"G";41;196
"Chapecó";"H";-14;47
"Chapecó";"I";4;40
"Chapecó";"J";-4;33
"Chapecó";"K";31;35
"Chapecó";"L";-7;14
"Chapecó";"M";-17;8
"Chapecó";"N";-65;145
"Chapecó";"O";1;-3
"Chapecó";"P";-89;78
"Chapecó";"Q";17;149
"Chapecó";"R";-10;6
"Chapecó";"S";-28;19
"Chapecó";"T";-1;6
"Cocal do Sul";"B";NA;3
"Cocal do Sul";"C";16;38
"Cocal do Sul";"D";NA;1
"Cocal do Sul";"E";0;4
"Cocal do Sul";"F";-2;-2
"Cocal do Sul";"G";8;6
"Cocal do Sul";"H";10;-4
"Cocal do Sul";"I";-1;0
"Cocal do Sul";"K";1;0
"Cocal do Sul";"L";-1;NA
"Cocal do Sul";"M";-2;-2
"Cocal do Sul";"N";1;4
"Cocal do Sul";"O";-2;NA
"Cocal do Sul";"P";0;-3
"Cocal do Sul";"Q";3;2
"Cocal do Sul";"S";-2;7
"Concórdia";"A";-2;0
"Concórdia";"B";1;-1
"Concórdia";"C";-223;69
"Concórdia";"D";-2;1
"Concórdia";"E";1;NA
"Concórdia";"F";-43;79
"Concórdia";"G";-21;61
"Concórdia";"H";14;2
"Concórdia";"I";-18;3
"Concórdia";"J";-8;23
"Concórdia";"K";-2;8
"Concórdia";"L";0;-1
"Concórdia";"M";-1;3
"Concórdia";"N";-1;34
"Concórdia";"O";-275;260
"Concórdia";"P";-46;16
"Concórdia";"Q";3;16
"Concórdia";"R";24;2
"Concórdia";"S";-14;-2
"Concórdia";"T";1;NA
"Cordilheira Alta";"A";-3;-1
"Cordilheira Alta";"B";1;NA
"Cordilheira Alta";"C";15;12
"Cordilheira Alta";"F";-6;-8
"Cordilheira Alta";"G";-3;6
"Cordilheira Alta";"H";2;-6
"Cordilheira Alta";"I";NA;1
"Cordilheira Alta";"K";-1;1
"Cordilheira Alta";"M";1;-2
"Cordilheira Alta";"N";1;2
"Cordilheira Alta";"S";NA;1
"Coronel Freitas";"A";0;4
"Coronel Freitas";"C";-35;-13
"Coronel Freitas";"F";-5;3
"Coronel Freitas";"G";1;4
"Coronel Freitas";"H";-2;1
"Coronel Freitas";"I";3;2
"Coronel Freitas";"J";0;2
"Coronel Freitas";"M";1;-2
"Coronel Freitas";"P";NA;-1
"Coronel Freitas";"Q";2;3
"Coronel Freitas";"S";3;2
"Coronel Martins";"G";NA;-1
"Coronel Martins";"H";1;1
"Correia Pinto";"A";-17;1
"Correia Pinto";"B";-1;NA
"Correia Pinto";"C";-163;40
"Correia Pinto";"F";8;2
"Correia Pinto";"G";10;-2
"Correia Pinto";"H";-1;2
"Correia Pinto";"I";-5;0
"Correia Pinto";"J";NA;1
"Correia Pinto";"M";-1;NA
"Correia Pinto";"N";0;NA
"Correia Pinto";"P";0;1
"Correia Pinto";"Q";NA;-1
"Correia Pinto";"R";-2;NA
"Correia Pinto";"S";NA;-1
"Corupá";"A";-2;1
"Corupá";"C";-88;127
"Corupá";"F";NA;-3
"Corupá";"G";3;12
"Corupá";"H";NA;2
"Corupá";"I";2;3
"Corupá";"J";NA;5
"Corupá";"K";-1;NA
"Corupá";"L";1;NA
"Corupá";"M";-6;7
"Corupá";"N";NA;-1
"Corupá";"P";NA;4
"Corupá";"Q";NA;1
"Corupá";"R";-1;2
"Corupá";"S";1;0
"Criciúma";"A";-1;3
"Criciúma";"B";-2;-2
"Criciúma";"C";-28;234
"Criciúma";"D";-2;3
"Criciúma";"E";41;-21
"Criciúma";"F";-154;-99
"Criciúma";"G";112;119
"Criciúma";"H";27;31
"Criciúma";"I";32;299
"Criciúma";"J";9;23
"Criciúma";"K";4;-11
"Criciúma";"L";1;4
"Criciúma";"M";3;70
"Criciúma";"N";40;16
"Criciúma";"P";-41;93
"Criciúma";"Q";117;61
"Criciúma";"R";-32;26
"Criciúma";"S";-14;18
"Cunha Porã";"A";0;1
"Cunha Porã";"C";-18;19
"Cunha Porã";"F";-1;-5
"Cunha Porã";"G";14;8
"Cunha Porã";"H";-2;2
"Cunha Porã";"I";1;0
"Cunha Porã";"J";-1;1
"Cunha Porã";"K";2;-1
"Cunha Porã";"M";NA;2
"Cunha Porã";"N";-1;NA
"Cunha Porã";"P";-1;1
"Cunha Porã";"Q";2;-2
"Cunha Porã";"S";0;2
"Cunhataí";"A";1;NA
"Cunhataí";"C";NA;-1
"Cunhataí";"G";0;6
"Cunhataí";"H";-1;1
"Cunhataí";"S";1;NA
"Curitibanos";"A";-6;3
"Curitibanos";"B";-3;0
"Curitibanos";"C";0;47
"Curitibanos";"E";2;2
"Curitibanos";"F";3;14
"Curitibanos";"G";25;27
"Curitibanos";"H";5;5
"Curitibanos";"I";0;-28
"Curitibanos";"J";0;0
"Curitibanos";"K";1;2
"Curitibanos";"L";NA;0
"Curitibanos";"M";-2;-2
"Curitibanos";"N";4;3
"Curitibanos";"P";-24;-3
"Curitibanos";"Q";6;10
"Curitibanos";"R";NA;-1
"Curitibanos";"S";-3;4
"Descanso";"A";1;0
"Descanso";"C";-5;2
"Descanso";"F";-6;1
"Descanso";"G";-2;8
"Descanso";"H";-1;-1
"Descanso";"I";2;1
"Descanso";"J";NA;1
"Descanso";"N";1;3
"Descanso";"P";NA;1
"Descanso";"Q";1;0
"Descanso";"R";NA;1
"Descanso";"S";-1;1
"Dionísio Cerqueira";"A";-1;1
"Dionísio Cerqueira";"B";2;NA
"Dionísio Cerqueira";"C";-4;-1
"Dionísio Cerqueira";"E";-1;NA
"Dionísio Cerqueira";"F";-2;0
"Dionísio Cerqueira";"G";-1;18
"Dionísio Cerqueira";"H";0;1
"Dionísio Cerqueira";"I";4;0
"Dionísio Cerqueira";"J";NA;1
"Dionísio Cerqueira";"M";-1;0
"Dionísio Cerqueira";"N";1;3
"Dionísio Cerqueira";"Q";-1;1
"Dionísio Cerqueira";"R";-1;NA
"Dona Emma";"A";NA;-1
"Dona Emma";"C";-33;24
"Dona Emma";"F";NA;2
"Dona Emma";"G";1;3
"Dona Emma";"H";0;0
"Dona Emma";"I";NA;0
"Dona Emma";"M";NA;0
"Dona Emma";"N";NA;1
"Dona Emma";"S";-3;-3
"Doutor Pedrinho";"C";-26;-8
"Doutor Pedrinho";"G";-5;3
"Doutor Pedrinho";"H";NA;1
"Doutor Pedrinho";"I";0;0
"Doutor Pedrinho";"O";-47;30
"Doutor Pedrinho";"Q";NA;-1
"Doutor Pedrinho";"R";NA;1
"Entre Rios";"C";NA;-2
"Entre Rios";"G";-4;5
"Entre Rios";"N";1;1
"Ermo";"A";-1;-1
"Ermo";"C";7;10
"Ermo";"F";NA;-1
"Ermo";"G";1;1
"Ermo";"H";-2;3
"Ermo";"S";NA;1
"Erval Velho";"A";0;0
"Erval Velho";"C";-3;-3
"Erval Velho";"E";NA;-1
"Erval Velho";"F";NA;-1
"Erval Velho";"G";-5;13
"Erval Velho";"H";1;-4
"Erval Velho";"I";2;1
"Erval Velho";"N";-1;NA
"Erval Velho";"S";-2;NA
"Faxinal dos Guedes";"A";-4;13
"Faxinal dos Guedes";"C";-44;21
"Faxinal dos Guedes";"F";-3;-4
"Faxinal dos Guedes";"G";-4;10
"Faxinal dos Guedes";"H";7;1
"Faxinal dos Guedes";"I";-1;2
"Faxinal dos Guedes";"J";0;NA
"Faxinal dos Guedes";"K";NA;1
"Faxinal dos Guedes";"M";NA;-2
"Faxinal dos Guedes";"P";NA;0
"Faxinal dos Guedes";"Q";0;4
"Flor do Sertão";"A";NA;1
"Flor do Sertão";"C";-7;-2
"Flor do Sertão";"G";-1;3
"Flor do Sertão";"H";-1;-2
"Florianópolis";"A";-7;3
"Florianópolis";"B";6;1
"Florianópolis";"C";58;46
"Florianópolis";"D";3;12
"Florianópolis";"E";1;-9
"Florianópolis";"F";-143;211
"Florianópolis";"G";1000;-165
"Florianópolis";"H";-6;28
"Florianópolis";"I";1088;-163
"Florianópolis";"J";-203;153
"Florianópolis";"K";17;32
"Florianópolis";"L";28;23
"Florianópolis";"M";6;165
"Florianópolis";"N";111;124
"Florianópolis";"O";-628;-25
"Florianópolis";"P";-118;383
"Florianópolis";"Q";32;138
"Florianópolis";"R";6;38
"Florianópolis";"S";-40;35
"Florianópolis";"U";NA;-1
"Formosa do Sul";"A";-1;-2
"Formosa do Sul";"C";NA;0
"Formosa do Sul";"F";NA;-2
"Formosa do Sul";"G";0;1
"Formosa do Sul";"H";-2;-1
"Formosa do Sul";"I";-1;-2
"Formosa do Sul";"J";1;0
"Formosa do Sul";"N";NA;-1
"Formosa do Sul";"Q";NA;-1
"Forquilhinha";"A";-1;NA
"Forquilhinha";"B";-1;0
"Forquilhinha";"C";-4;106
"Forquilhinha";"E";2;3
"Forquilhinha";"F";0;13
"Forquilhinha";"G";-13;-6
"Forquilhinha";"H";-13;-4
"Forquilhinha";"I";-6;3
"Forquilhinha";"J";-1;-1
"Forquilhinha";"L";-1;NA
"Forquilhinha";"M";-3;-2
"Forquilhinha";"N";-4;-3
"Forquilhinha";"P";-7;1
"Forquilhinha";"Q";-1;1
"Forquilhinha";"R";NA;0
"Forquilhinha";"S";1;9
"Fraiburgo";"A";-416;-202
"Fraiburgo";"B";-1;NA
"Fraiburgo";"C";-48;19
"Fraiburgo";"E";-1;2
"Fraiburgo";"F";-17;-2
"Fraiburgo";"G";-24;0
"Fraiburgo";"H";-6;71
"Fraiburgo";"I";5;5
"Fraiburgo";"J";1;3
"Fraiburgo";"K";NA;2
"Fraiburgo";"L";-1;-1
"Fraiburgo";"M";-2;5
"Fraiburgo";"N";-3;4
"Fraiburgo";"P";-4;6
"Fraiburgo";"Q";-3;6
"Fraiburgo";"R";-1;NA
"Fraiburgo";"S";-1;7
"Frei Rogério";"C";1;0
"Frei Rogério";"G";-1;-5
"Frei Rogério";"K";1;-1
"Galvão";"C";0;0
"Galvão";"G";1;-1
"Galvão";"H";NA;-1
"Galvão";"M";NA;1
"Galvão";"Q";NA;1
"Garopaba";"A";NA;1
"Garopaba";"C";11;24
"Garopaba";"E";-1;-1
"Garopaba";"F";1;-4
"Garopaba";"G";253;-119
"Garopaba";"H";0;-1
"Garopaba";"I";176;-80
"Garopaba";"J";0;3
"Garopaba";"K";0;-1
"Garopaba";"L";1;1
"Garopaba";"M";1;5
"Garopaba";"N";3;-4
"Garopaba";"P";-5;37
"Garopaba";"Q";4;6
"Garopaba";"R";-1;-3
"Garopaba";"S";8;0
"Garuva";"A";-1;3
"Garuva";"B";0;-1
"Garuva";"C";-14;12
"Garuva";"E";NA;1
"Garuva";"F";3;0
"Garuva";"G";-2;15
"Garuva";"H";-2;12
"Garuva";"I";-2;12
"Garuva";"J";1;1
"Garuva";"M";-1;0
"Garuva";"N";-1;-1
"Garuva";"P";1;2
"Garuva";"Q";NA;1
"Garuva";"R";0;2
"Garuva";"S";-2;-2
"Gaspar";"A";-1;-2
"Gaspar";"B";1;1
"Gaspar";"C";-337;410
"Gaspar";"E";5;2
"Gaspar";"F";-11;4
"Gaspar";"G";18;74
"Gaspar";"H";-34;1
"Gaspar";"I";-3;30
"Gaspar";"J";1;10
"Gaspar";"K";-1;1
"Gaspar";"L";-1;6
"Gaspar";"M";-13;-3
"Gaspar";"N";-8;19
"Gaspar";"O";-476;296
"Gaspar";"P";-3;21
"Gaspar";"Q";-1;2
"Gaspar";"R";-2;4
"Gaspar";"S";-3;0
"Gaspar";"T";NA;1
"Governador Celso Ramos";"A";-1;3
"Governador Celso Ramos";"C";4;-3
"Governador Celso Ramos";"F";-6;-5
"Governador Celso Ramos";"G";46;-15
"Governador Celso Ramos";"H";7;-3
"Governador Celso Ramos";"I";55;-9
"Governador Celso Ramos";"J";NA;1
"Governador Celso Ramos";"L";3;-2
"Governador Celso Ramos";"M";0;1
"Governador Celso Ramos";"N";17;-1
"Governador Celso Ramos";"R";0;NA
"Governador Celso Ramos";"S";-2;1
"Grão Pará";"A";-5;14
"Grão Pará";"C";-7;11
"Grão Pará";"D";-1;-1
"Grão Pará";"F";NA;-1
"Grão Pará";"G";-1;0
"Grão Pará";"H";-2;0
"Grão Pará";"I";NA;-1
"Grão Pará";"M";NA;1
"Grão Pará";"N";1;2
"Grão Pará";"S";1;NA
"Gravatal";"A";NA;-1
"Gravatal";"B";-1;3
"Gravatal";"C";-23;36
"Gravatal";"D";-2;0
"Gravatal";"E";2;NA
"Gravatal";"F";-5;5
"Gravatal";"G";6;1
"Gravatal";"H";0;8
"Gravatal";"I";13;8
"Gravatal";"L";NA;-1
"Gravatal";"M";-1;1
"Gravatal";"N";5;3
"Gravatal";"Q";-1;NA
"Gravatal";"R";-1;1
"Gravatal";"S";0;-2
"Guabiruba";"C";-112;142
"Guabiruba";"E";1;3
"Guabiruba";"F";-3;-9
"Guabiruba";"G";-2;-6
"Guabiruba";"H";-3;3
"Guabiruba";"I";-1;1
"Guabiruba";"L";NA;0
"Guabiruba";"M";-1;3
"Guabiruba";"N";-2;9
"Guabiruba";"P";-2;3
"Guabiruba";"Q";-1;-1
"Guabiruba";"S";NA;2
"Guaraciaba";"A";-1;3
"Guaraciaba";"C";-30;7
"Guaraciaba";"F";0;2
"Guaraciaba";"G";0;2
"Guaraciaba";"H";1;2
"Guaraciaba";"I";1;3
"Guaraciaba";"J";1;NA
"Guaraciaba";"K";-1;1
"Guaraciaba";"M";-1;NA
"Guaraciaba";"N";NA;-1
"Guaraciaba";"P";1;3
"Guaraciaba";"Q";2;0
"Guaraciaba";"R";NA;-2
"Guaramirim";"A";1;-1
"Guaramirim";"B";-1;-1
"Guaramirim";"C";-185;215
"Guaramirim";"E";3;7
"Guaramirim";"F";-16;1
"Guaramirim";"G";5;28
"Guaramirim";"H";15;16
"Guaramirim";"I";0;22
"Guaramirim";"J";4;2
"Guaramirim";"K";-1;1
"Guaramirim";"L";-1;NA
"Guaramirim";"M";1;3
"Guaramirim";"N";-32;4
"Guaramirim";"O";-24;NA
"Guaramirim";"P";-4;4
"Guaramirim";"Q";3;5
"Guaramirim";"R";-2;-2
"Guaramirim";"S";1;-1
"Guarujá do Sul";"B";0;NA
"Guarujá do Sul";"C";5;10
"Guarujá do Sul";"F";-1;0
"Guarujá do Sul";"G";-3;1
"Guarujá do Sul";"H";-9;7
"Guarujá do Sul";"I";0;NA
"Guarujá do Sul";"J";NA;0
"Guarujá do Sul";"M";-2;1
"Guarujá do Sul";"N";NA;1
"Guatambú";"A";3;0
"Guatambú";"C";6;42
"Guatambú";"F";-9;-15
"Guatambú";"G";-2;2
"Guatambú";"H";-5;-1
"Guatambú";"I";-1;1
"Guatambú";"N";-1;6
"Guatambú";"S";NA;14
"Herval d'Oeste";"A";-8;1
"Herval d'Oeste";"C";-6;14
"Herval d'Oeste";"F";-7;3
"Herval d'Oeste";"G";3;18
"Herval d'Oeste";"H";2;5
"Herval d'Oeste";"I";1;-3
"Herval d'Oeste";"J";2;2
"Herval d'Oeste";"M";-1;1
"Herval d'Oeste";"N";8;4
"Herval d'Oeste";"P";0;3
"Herval d'Oeste";"Q";NA;2
"Herval d'Oeste";"R";NA;-1
"Herval d'Oeste";"S";0;-1
"Ibiam";"A";1;1
"Ibiam";"C";2;-6
"Ibiam";"F";-1;1
"Ibiam";"G";NA;2
"Ibiam";"H";3;NA
"Ibiam";"K";NA;0
"Ibiam";"M";NA;-1
"Ibiam";"O";NA;-1
"Ibiam";"S";1;1
"Ibicaré";"A";-4;3
"Ibicaré";"B";NA;-1
"Ibicaré";"C";-5;1
"Ibicaré";"F";-3;0
"Ibicaré";"G";-2;1
"Ibicaré";"H";2;0
"Ibicaré";"J";NA;0
"Ibicaré";"M";NA;-19
"Ibicaré";"Q";NA;1
"Ibirama";"C";-95;111
"Ibirama";"F";4;7
"Ibirama";"G";-2;14
"Ibirama";"H";1;4
"Ibirama";"I";0;3
"Ibirama";"J";-1;1
"Ibirama";"K";4;7
"Ibirama";"L";NA;1
"Ibirama";"M";-1;-1
"Ibirama";"N";-1;-4
"Ibirama";"P";-3;-3
"Ibirama";"Q";-2;-1
"Ibirama";"R";NA;-1
"Ibirama";"S";-2;4
"Içara";"A";-1;2
"Içara";"B";-3;6
"Içara";"C";-10;82
"Içara";"D";-1;4
"Içara";"E";1;-1
"Içara";"F";2;-2
"Içara";"G";-8;14
"Içara";"H";2;22
"Içara";"I";2;-6
"Içara";"J";2;2
"Içara";"K";0;0
"Içara";"L";-2;7
"Içara";"M";3;6
"Içara";"N";55;-27
"Içara";"O";4;1
"Içara";"P";-3;9
"Içara";"Q";4;17
"Içara";"R";0;2
"Içara";"S";-5;21
"Ilhota";"A";-2;NA
"Ilhota";"C";-15;80
"Ilhota";"F";-2;3
"Ilhota";"G";12;19
"Ilhota";"H";0;1
"Ilhota";"I";3;2
"Ilhota";"J";1;2
"Ilhota";"M";-1;0
"Ilhota";"N";-32;76
"Ilhota";"Q";-1;-1
"Ilhota";"S";1;NA
"Imaruí";"C";-3;0
"Imaruí";"F";-11;8
"Imaruí";"G";4;2
"Imaruí";"H";-1;NA
"Imaruí";"J";NA;0
"Imaruí";"M";NA;-2
"Imaruí";"N";NA;1
"Imaruí";"Q";3;1
"Imaruí";"S";NA;0
"Imbituba";"A";NA;2
"Imbituba";"B";-11;1
"Imbituba";"C";-6;-8
"Imbituba";"E";2;1
"Imbituba";"F";-8;12
"Imbituba";"G";163;-3
"Imbituba";"H";-18;-13
"Imbituba";"I";175;-8
"Imbituba";"J";1;2
"Imbituba";"K";NA;0
"Imbituba";"L";0;NA
"Imbituba";"M";-3;9
"Imbituba";"N";0;-15
"Imbituba";"O";-201;67
"Imbituba";"P";-4;12
"Imbituba";"Q";-7;7
"Imbituba";"R";4;3
"Imbituba";"S";-1;8
"Imbuia";"C";12;4
"Imbuia";"E";NA;0
"Imbuia";"F";-13;NA
"Imbuia";"G";68;-2
"Imbuia";"H";1;2
"Imbuia";"K";-1;1
"Imbuia";"M";0;0
"Imbuia";"Q";-1;0
"Imbuia";"S";NA;0
"Indaial";"A";-7;6
"Indaial";"B";1;0
"Indaial";"C";-308;313
"Indaial";"E";-4;0
"Indaial";"F";4;83
"Indaial";"G";-22;17
"Indaial";"H";6;0
"Indaial";"I";-19;12
"Indaial";"J";-2;-3
"Indaial";"K";0;2
"Indaial";"L";0;1
"Indaial";"M";-6;8
"Indaial";"N";16;15
"Indaial";"O";-1;-1
"Indaial";"P";-42;-341
"Indaial";"Q";12;14
"Indaial";"R";NA;-1
"Indaial";"S";-1;7
"Iomerê";"A";-3;0
"Iomerê";"B";-1;-1
"Iomerê";"C";-2;5
"Iomerê";"G";-1;0
"Iomerê";"H";-19;1
"Iomerê";"N";2;1
"Ipira";"A";-1;NA
"Ipira";"C";-1;1
"Ipira";"F";0;-2
"Ipira";"G";1;1
"Ipira";"H";NA;1
"Ipira";"I";1;-2
"Ipira";"K";-1;NA
"Ipira";"N";0;NA
"Ipira";"Q";-1;1
"Ipira";"S";-1;NA
"Iporã do Oeste";"A";NA;2
"Iporã do Oeste";"C";-7;-6
"Iporã do Oeste";"F";3;0
"Iporã do Oeste";"G";-3;13
"Iporã do Oeste";"H";3;-2
"Iporã do Oeste";"I";NA;0
"Iporã do Oeste";"K";1;-1
"Iporã do Oeste";"M";NA;2
"Iporã do Oeste";"N";0;2
"Iporã do Oeste";"P";0;-1
"Iporã do Oeste";"Q";1;4
"Iporã do Oeste";"S";-2;-1
"Ipuaçu";"A";NA;1
"Ipuaçu";"C";-3;-19
"Ipuaçu";"G";3;-1
"Ipuaçu";"H";1;-2
"Ipuaçu";"I";NA;0
"Ipuaçu";"K";1;NA
"Ipuaçu";"M";NA;1
"Ipuaçu";"Q";1;NA
"Ipumirim";"A";7;-4
"Ipumirim";"C";-49;12
"Ipumirim";"E";-4;-3
"Ipumirim";"F";0;NA
"Ipumirim";"G";-1;-1
"Ipumirim";"H";-3;2
"Ipumirim";"I";NA;-1
"Ipumirim";"K";NA;-1
"Ipumirim";"Q";0;1
"Ipumirim";"S";1;3
"Iraceminha";"C";-1;0
"Iraceminha";"F";-2;NA
"Iraceminha";"G";-1;7
"Iraceminha";"H";NA;1
"Iraceminha";"I";NA;3
"Iraceminha";"K";-1;NA
"Iraceminha";"N";NA;1
"Iraceminha";"S";2;4
"Irani";"A";0;-1
"Irani";"C";-2;7
"Irani";"F";-5;11
"Irani";"G";0;1
"Irani";"H";2;12
"Irani";"I";1;0
"Irani";"K";-1;1
"Irani";"M";0;-2
"Irani";"N";1;4
"Irani";"P";NA;-2
"Irani";"Q";-2;-1
"Irani";"S";1;-1
"Irati";"C";-5;-10
"Irati";"E";-2;-1
"Irati";"F";-1;NA
"Irati";"G";1;1
"Irati";"H";0;1
"Irati";"S";1;1
"Irineópolis";"A";-1;2
"Irineópolis";"C";-1;6
"Irineópolis";"F";NA;2
"Irineópolis";"G";-4;0
"Irineópolis";"H";NA;5
"Irineópolis";"I";2;NA
"Irineópolis";"J";1;1
"Irineópolis";"K";NA;1
"Irineópolis";"M";NA;-1
"Irineópolis";"Q";NA;0
"Irineópolis";"S";NA;0
"Itá";"A";NA;-2
"Itá";"C";-12;2
"Itá";"E";-1;NA
"Itá";"F";-1;-2
"Itá";"G";-4;3
"Itá";"H";-2;-3
"Itá";"I";5;9
"Itá";"J";-3;NA
"Itá";"M";1;1
"Itá";"N";29;-5
"Itá";"P";3;2
"Itá";"Q";1;NA
"Itá";"R";3;-1
"Itá";"S";NA;3
"Itaiópolis";"A";-2;-3
"Itaiópolis";"C";4;-8
"Itaiópolis";"F";-1;2
"Itaiópolis";"G";17;18
"Itaiópolis";"H";4;-1
"Itaiópolis";"I";-4;1
"Itaiópolis";"J";NA;-1
"Itaiópolis";"K";-1;NA
"Itaiópolis";"M";NA;1
"Itaiópolis";"N";-1;0
"Itaiópolis";"P";-2;4
"Itaiópolis";"Q";NA;-1
"Itaiópolis";"S";-3;4
"Itajaí";"A";-25;85
"Itajaí";"B";NA;7
"Itajaí";"C";-148;280
"Itajaí";"D";-2;2
"Itajaí";"E";14;11
"Itajaí";"F";-173;84
"Itajaí";"G";126;220
"Itajaí";"H";213;350
"Itajaí";"I";86;73
"Itajaí";"J";-2;34
"Itajaí";"K";5;21
"Itajaí";"L";-6;19
"Itajaí";"M";49;40
"Itajaí";"N";587;106
"Itajaí";"O";-626;285
"Itajaí";"P";-54;74
"Itajaí";"Q";38;29
"Itajaí";"R";4;7
"Itajaí";"S";-74;21
"Itapema";"C";3;20
"Itapema";"E";5;-2
"Itapema";"F";-200;238
"Itapema";"G";266;-104
"Itapema";"H";28;47
"Itapema";"I";206;-34
"Itapema";"J";6;4
"Itapema";"K";4;8
"Itapema";"L";9;-3
"Itapema";"M";-4;18
"Itapema";"N";102;106
"Itapema";"P";-13;41
"Itapema";"Q";12;7
"Itapema";"R";0;7
"Itapema";"S";4;10
"Itapiranga";"A";0;-1
"Itapiranga";"C";-17;63
"Itapiranga";"E";5;NA
"Itapiranga";"F";-6;2
"Itapiranga";"G";4;10
"Itapiranga";"H";4;-5
"Itapiranga";"I";-1;-4
"Itapiranga";"J";-1;0
"Itapiranga";"K";4;-1
"Itapiranga";"M";-1;4
"Itapiranga";"N";-10;2
"Itapiranga";"O";-1;NA
"Itapiranga";"P";2;33
"Itapiranga";"Q";0;0
"Itapiranga";"S";-6;-1
"Itapoá";"A";-1;2
"Itapoá";"C";11;11
"Itapoá";"E";0;0
"Itapoá";"F";6;14
"Itapoá";"G";32;-33
"Itapoá";"H";41;15
"Itapoá";"I";52;-7
"Itapoá";"J";2;4
"Itapoá";"K";-1;2
"Itapoá";"L";1;1
"Itapoá";"M";2;2
"Itapoá";"N";14;6
"Itapoá";"P";-3;7
"Itapoá";"Q";-2;2
"Itapoá";"R";-1;2
"Itapoá";"S";1;-1
"Ituporanga";"A";-8;-16
"Ituporanga";"C";-80;57
"Ituporanga";"F";-12;4
"Ituporanga";"G";54;31
"Ituporanga";"H";-18;-9
"Ituporanga";"I";5;5
"Ituporanga";"J";0;3
"Ituporanga";"K";-2;NA
"Ituporanga";"M";-2;-2
"Ituporanga";"N";0;0
"Ituporanga";"P";-6;10
"Ituporanga";"Q";-1;5
"Ituporanga";"R";0;2
"Ituporanga";"S";-1;-3
"Jaborá";"A";-1;1
"Jaborá";"C";-8;-2
"Jaborá";"F";2;-3
"Jaborá";"G";NA;-2
"Jaborá";"H";-1;0
"Jaborá";"I";1;1
"Jaborá";"K";-1;0
"Jaborá";"M";NA;-2
"Jacinto Machado";"C";-6;33
"Jacinto Machado";"F";4;0
"Jacinto Machado";"G";1;2
"Jacinto Machado";"H";2;4
"Jacinto Machado";"J";-1;2
"Jacinto Machado";"K";-1;2
"Jacinto Machado";"L";NA;1
"Jacinto Machado";"M";-2;-1
"Jacinto Machado";"N";-2;NA
"Jacinto Machado";"P";-1;NA
"Jacinto Machado";"Q";1;1
"Jacinto Machado";"S";NA;0
"Jaguaruna";"A";1;NA
"Jaguaruna";"B";1;NA
"Jaguaruna";"C";-18;37
"Jaguaruna";"E";6;-1
"Jaguaruna";"F";0;4
"Jaguaruna";"G";38;-18
"Jaguaruna";"H";4;5
"Jaguaruna";"I";3;5
"Jaguaruna";"J";4;-1
"Jaguaruna";"K";NA;-1
"Jaguaruna";"M";18;3
"Jaguaruna";"N";-7;12
"Jaguaruna";"P";1;2
"Jaguaruna";"Q";331;71
"Jaguaruna";"R";NA;1
"Jaguaruna";"S";2;5
"Jaraguá do Sul";"A";NA;-1
"Jaraguá do Sul";"B";NA;-3
"Jaraguá do Sul";"C";-829;784
"Jaraguá do Sul";"D";NA;1
"Jaraguá do Sul";"E";14;1
"Jaraguá do Sul";"F";-53;74
"Jaraguá do Sul";"G";42;8
"Jaraguá do Sul";"H";-18;-16
"Jaraguá do Sul";"I";4;28
"Jaraguá do Sul";"J";-8;17
"Jaraguá do Sul";"K";0;5
"Jaraguá do Sul";"L";-4;-4
"Jaraguá do Sul";"M";-28;21
"Jaraguá do Sul";"N";-3;63
"Jaraguá do Sul";"O";-205;289
"Jaraguá do Sul";"P";-48;72
"Jaraguá do Sul";"Q";57;26
"Jaraguá do Sul";"R";2;15
"Jaraguá do Sul";"S";-12;3
"Jaraguá do Sul";"T";-1;1
"Jardinópolis";"C";4;-1
"Jardinópolis";"F";-1;NA
"Jardinópolis";"G";NA;-1
"Jardinópolis";"J";1;NA
"Joaçaba";"A";0;-4
"Joaçaba";"C";-35;130
"Joaçaba";"D";NA;4
"Joaçaba";"E";-2;-2
"Joaçaba";"F";-19;21
"Joaçaba";"G";61;-34
"Joaçaba";"H";18;1
"Joaçaba";"I";3;2
"Joaçaba";"J";7;11
"Joaçaba";"K";0;7
"Joaçaba";"L";NA;1
"Joaçaba";"M";-3;12
"Joaçaba";"N";13;8
"Joaçaba";"P";-46;31
"Joaçaba";"Q";-8;20
"Joaçaba";"R";-4;0
"Joaçaba";"S";-14;12
"Joinville";"A";0;3
"Joinville";"B";3;3
"Joinville";"C";315;991
"Joinville";"D";-1;7
"Joinville";"E";-51;-3
"Joinville";"F";-131;346
"Joinville";"G";-86;370
"Joinville";"H";73;51
"Joinville";"I";38;101
"Joinville";"J";-3;60
"Joinville";"K";2;14
"Joinville";"L";-8;7
"Joinville";"M";0;52
"Joinville";"N";-1031;604
"Joinville";"P";-212;259
"Joinville";"Q";31;83
"Joinville";"R";7;28
"Joinville";"S";-9;5
"José Boiteux";"C";-25;21
"José Boiteux";"G";-2;-2
"José Boiteux";"H";NA;-1
"José Boiteux";"N";6;8
"José Boiteux";"Q";NA;1
"Jupiá";"C";3;0
"Jupiá";"G";0;1
"Jupiá";"H";1;-1
"Jupiá";"N";-1;3
"Lacerdópolis";"A";3;1
"Lacerdópolis";"C";4;6
"Lacerdópolis";"F";4;17
"Lacerdópolis";"G";-1;-1
"Lacerdópolis";"H";0;2
"Lages";"A";4;106
"Lages";"B";-3;NA
"Lages";"C";-168;196
"Lages";"D";0;0
"Lages";"E";-12;-2
"Lages";"F";-40;55
"Lages";"G";97;30
"Lages";"H";29;-13
"Lages";"I";-9;23
"Lages";"J";-1;-15
"Lages";"K";-4;-2
"Lages";"L";-2;4
"Lages";"M";7;20
"Lages";"N";39;-152
"Lages";"P";-31;79
"Lages";"Q";43;1
"Lages";"R";-12;5
"Lages";"S";-7;11
"Laguna";"A";-8;1
"Laguna";"C";-22;34
"Laguna";"E";NA;1
"Laguna";"F";-1;-2
"Laguna";"G";79;-80
"Laguna";"H";-8;10
"Laguna";"I";42;-1
"Laguna";"J";0;-1
"Laguna";"K";-2;-1
"Laguna";"L";6;0
"Laguna";"M";-2;-1
"Laguna";"N";-6;8
"Laguna";"P";-4;4
"Laguna";"Q";-1;3
"Laguna";"S";3;1
"Lajeado Grande";"C";-1;-4
"Lajeado Grande";"G";-2;-1
"Lajeado Grande";"H";-2;NA
"Laurentino";"A";2;1
"Laurentino";"C";-21;26
"Laurentino";"F";-2;0
"Laurentino";"G";-2;11
"Laurentino";"H";0;8
"Laurentino";"I";-1;NA
"Laurentino";"M";-1;4
"Laurentino";"Q";NA;1
"Laurentino";"S";NA;6
"Lauro Muller";"A";-2;6
"Lauro Muller";"B";-2;-4
"Lauro Muller";"C";3;8
"Lauro Muller";"D";NA;1
"Lauro Muller";"F";-3;4
"Lauro Muller";"G";4;6
"Lauro Muller";"H";-9;4
"Lauro Muller";"I";2;0
"Lauro Muller";"J";NA;-1
"Lauro Muller";"M";0;-3
"Lauro Muller";"N";1;0
"Lauro Muller";"Q";NA;1
"Lauro Muller";"R";1;NA
"Lauro Muller";"S";-1;0
"Lebon Régis";"A";-18;-47
"Lebon Régis";"C";-5;22
"Lebon Régis";"D";-1;NA
"Lebon Régis";"F";-1;6
"Lebon Régis";"G";-2;7
"Lebon Régis";"H";NA;-1
"Lebon Régis";"I";-1;2
"Lebon Régis";"J";NA;-2
"Lebon Régis";"M";-1;2
"Lebon Régis";"N";1;NA
"Lebon Régis";"S";NA;2
"Leoberto Leal";"A";NA;1
"Leoberto Leal";"F";-1;NA
"Leoberto Leal";"G";4;9
"Leoberto Leal";"H";2;3
"Leoberto Leal";"I";NA;-1
"Leoberto Leal";"M";NA;0
"Leoberto Leal";"S";NA;-1
"Lindóia do Sul";"C";1;2
"Lindóia do Sul";"F";-1;0
"Lindóia do Sul";"G";2;-4
"Lindóia do Sul";"H";2;-2
"Lindóia do Sul";"M";-1;NA
"Lindóia do Sul";"N";-2;NA
"Lindóia do Sul";"S";NA;1
"Lontras";"A";NA;-1
"Lontras";"B";2;NA
"Lontras";"C";-57;31
"Lontras";"F";-3;-22
"Lontras";"G";-1;13
"Lontras";"H";0;9
"Lontras";"I";1;3
"Lontras";"K";-1;-1
"Lontras";"L";NA;2
"Lontras";"M";3;0
"Lontras";"N";3;3
"Lontras";"P";-1;3
"Lontras";"Q";1;1
"Luiz Alves";"A";1;0
"Luiz Alves";"C";-161;102
"Luiz Alves";"F";2;0
"Luiz Alves";"G";1;8
"Luiz Alves";"H";0;12
"Luiz Alves";"I";0;5
"Luiz Alves";"J";NA;2
"Luiz Alves";"K";-1;NA
"Luiz Alves";"M";-1;0
"Luiz Alves";"N";-2;-3
"Luiz Alves";"O";-71;85
"Luiz Alves";"P";-1;-1
"Luiz Alves";"Q";-1;-2
"Luiz Alves";"R";-1;3
"Luiz Alves";"S";0;2
"Luzerna";"A";1;1
"Luzerna";"C";-24;10
"Luzerna";"F";1;3
"Luzerna";"G";1;-3
"Luzerna";"H";1;-4
"Luzerna";"I";-1;1
"Luzerna";"J";1;-1
"Luzerna";"K";NA;-1
"Luzerna";"N";3;2
"Luzerna";"P";-2;0
"Luzerna";"Q";-2;5
"Luzerna";"S";NA;-1
"Macieira";"A";4;-3
"Macieira";"C";-2;0
"Macieira";"H";NA;-1
"Macieira";"M";-1;NA
"Mafra";"A";9;-35
"Mafra";"B";-2;NA
"Mafra";"C";-15;161
"Mafra";"D";-1;5
"Mafra";"E";0;0
"Mafra";"F";-11;-4
"Mafra";"G";12;-6
"Mafra";"H";-15;-2
"Mafra";"I";13;13
"Mafra";"J";6;2
"Mafra";"K";0;7
"Mafra";"L";-1;1
"Mafra";"M";2;9
"Mafra";"N";-1;-5
"Mafra";"O";-116;166
"Mafra";"P";-25;8
"Mafra";"Q";16;-2
"Mafra";"R";-3;1
"Mafra";"S";-1;3
"Major Gercino";"A";-1;3
"Major Gercino";"C";1;0
"Major Gercino";"F";-2;9
"Major Gercino";"G";-1;2
"Major Gercino";"O";NA;2
"Major Gercino";"Q";NA;-1
"Major Gercino";"S";NA;0
"Major Vieira";"A";-5;NA
"Major Vieira";"C";-9;2
"Major Vieira";"G";2;2
"Major Vieira";"I";0;1
"Major Vieira";"J";1;-1
"Major Vieira";"Q";-1;NA
"Major Vieira";"S";-1;1
"Maracajá";"B";1;2
"Maracajá";"C";-24;10
"Maracajá";"E";NA;1
"Maracajá";"F";-5;1
"Maracajá";"G";5;7
"Maracajá";"H";6;8
"Maracajá";"I";0;3
"Maracajá";"M";3;1
"Maracajá";"N";6;5
"Maracajá";"P";NA;1
"Maracajá";"Q";1;1
"Maracajá";"S";NA;-1
"Maravilha";"A";2;-1
"Maravilha";"C";-45;84
"Maravilha";"E";0;6
"Maravilha";"F";-16;-15
"Maravilha";"G";-11;37
"Maravilha";"H";11;7
"Maravilha";"I";2;8
"Maravilha";"J";1;-4
"Maravilha";"K";1;0
"Maravilha";"L";-1;NA
"Maravilha";"M";-3;15
"Maravilha";"N";1;4
"Maravilha";"P";-7;-2
"Maravilha";"Q";1;10
"Maravilha";"R";NA;2
"Maravilha";"S";-1;4
"Maravilha";"T";NA;2
"Marema";"C";-1;1
"Marema";"G";-1;0
"Marema";"M";-1;NA
"Massaranduba";"A";3;0
"Massaranduba";"C";-57;92
"Massaranduba";"F";NA;2
"Massaranduba";"G";-26;11
"Massaranduba";"H";-2;-2
"Massaranduba";"I";4;0
"Massaranduba";"J";-5;1
"Massaranduba";"M";-3;-2
"Massaranduba";"N";NA;1
"Massaranduba";"P";-1;0
"Massaranduba";"Q";1;-3
"Massaranduba";"S";-2;-1
"Matos Costa";"A";-2;-5
"Matos Costa";"C";1;3
"Matos Costa";"G";-1;0
"Matos Costa";"H";NA;1
"Matos Costa";"N";NA;2
"Meleiro";"C";-6;2
"Meleiro";"F";NA;2
"Meleiro";"G";1;0
"Meleiro";"H";10;-5
"Meleiro";"I";1;0
"Meleiro";"J";0;NA
"Meleiro";"L";NA;-1
"Meleiro";"M";NA;-2
"Meleiro";"N";-2;-2
"Meleiro";"P";1;NA
"Meleiro";"Q";0;NA
"Meleiro";"R";NA;1
"Meleiro";"S";-1;1
"Mirim Doce";"A";-2;1
"Mirim Doce";"C";-8;-2
"Mirim Doce";"G";1;-3
"Mirim Doce";"K";1;NA
"Mirim Doce";"O";-4;NA
"Modelo";"A";NA;-2
"Modelo";"C";-17;13
"Modelo";"E";NA;1
"Modelo";"F";-1;-1
"Modelo";"G";-1;2
"Modelo";"H";0;1
"Modelo";"I";-1;NA
"Modelo";"M";-2;0
"Modelo";"N";-1;NA
"Modelo";"P";0;1
"Modelo";"Q";0;1
"Modelo";"S";1;NA
"Mondaí";"A";2;-1
"Mondaí";"B";NA;0
"Mondaí";"C";-64;10
"Mondaí";"F";-3;0
"Mondaí";"G";5;3
"Mondaí";"H";1;0
"Mondaí";"I";-1;2
"Mondaí";"J";NA;-1
"Mondaí";"K";1;NA
"Mondaí";"M";NA;2
"Mondaí";"N";-1;NA
"Mondaí";"Q";0;3
"Mondaí";"S";NA;-2
"Monte Carlo";"A";-62;-139
"Monte Carlo";"C";-8;6
"Monte Carlo";"F";1;3
"Monte Carlo";"G";-6;6
"Monte Carlo";"H";-4;1
"Monte Carlo";"I";-2;NA
"Monte Carlo";"M";2;1
"Monte Carlo";"N";-2;6
"Monte Carlo";"Q";NA;1
"Monte Carlo";"S";NA;3
"Monte Castelo";"A";-2;-10
"Monte Castelo";"C";9;1
"Monte Castelo";"F";4;-2
"Monte Castelo";"G";-2;-9
"Monte Castelo";"H";2;-1
"Monte Castelo";"I";0;1
"Monte Castelo";"M";-1;NA
"Monte Castelo";"N";-2;-2
"Monte Castelo";"Q";-1;NA
"Monte Castelo";"S";NA;2
"Morro da Fumaça";"B";3;6
"Morro da Fumaça";"C";-35;78
"Morro da Fumaça";"D";-1;0
"Morro da Fumaça";"F";3;0
"Morro da Fumaça";"G";16;28
"Morro da Fumaça";"H";-1;9
"Morro da Fumaça";"I";0;5
"Morro da Fumaça";"K";NA;1
"Morro da Fumaça";"L";1;2
"Morro da Fumaça";"M";-1;1
"Morro da Fumaça";"N";4;0
"Morro da Fumaça";"P";-17;18
"Morro da Fumaça";"Q";4;2
"Morro da Fumaça";"R";-1;5
"Morro da Fumaça";"S";-2;-3
"Morro Grande";"C";2;5
"Morro Grande";"G";0;-4
"Morro Grande";"H";0;-1
"Navegantes";"A";2;1
"Navegantes";"B";-1;1
"Navegantes";"C";-144;-73
"Navegantes";"E";7;-4
"Navegantes";"F";-20;27
"Navegantes";"G";120;15
"Navegantes";"H";-19;12
"Navegantes";"I";21;20
"Navegantes";"J";4;-2
"Navegantes";"K";0;5
"Navegantes";"L";0;4
"Navegantes";"M";9;8
"Navegantes";"N";54;16
"Navegantes";"P";-3;10
"Navegantes";"Q";6;8
"Navegantes";"R";-1;2
"Navegantes";"S";2;8
"Nova Erechim";"A";0;3
"Nova Erechim";"C";-17;26
"Nova Erechim";"F";-2;-6
"Nova Erechim";"G";1;1
"Nova Erechim";"H";1;0
"Nova Erechim";"I";-2;0
"Nova Erechim";"L";NA;1
"Nova Erechim";"Q";2;3
"Nova Erechim";"R";NA;1
"Nova Erechim";"S";NA;1
"Nova Itaberaba";"C";-1;9
"Nova Itaberaba";"F";-10;-2
"Nova Itaberaba";"G";1;0
"Nova Itaberaba";"H";1;NA
"Nova Itaberaba";"I";NA;1
"Nova Itaberaba";"M";NA;0
"Nova Itaberaba";"Q";NA;1
"Nova Trento";"A";NA;1
"Nova Trento";"C";-63;93
"Nova Trento";"E";4;5
"Nova Trento";"F";-83;130
"Nova Trento";"G";-7;19
"Nova Trento";"H";-2;0
"Nova Trento";"I";2;0
"Nova Trento";"J";-4;NA
"Nova Trento";"K";-2;-1
"Nova Trento";"M";NA;3
"Nova Trento";"N";1;NA
"Nova Trento";"P";-3;1
"Nova Trento";"Q";-2;-1
"Nova Trento";"R";-1;1
"Nova Trento";"S";-2;3
"Nova Veneza";"A";-1;NA
"Nova Veneza";"B";1;-4
"Nova Veneza";"C";-32;101
"Nova Veneza";"F";0;-3
"Nova Veneza";"G";-1;9
"Nova Veneza";"H";-1;1
"Nova Veneza";"I";-1;9
"Nova Veneza";"J";1;2
"Nova Veneza";"M";7;NA
"Nova Veneza";"N";0;11
"Nova Veneza";"P";NA;1
"Nova Veneza";"Q";-9;0
"Nova Veneza";"S";-1;5
"Novo Horizonte";"C";-1;3
"Novo Horizonte";"G";0;1
"Novo Horizonte";"J";NA;1
"Orleans";"A";-1;NA
"Orleans";"B";-2;1
"Orleans";"C";-23;54
"Orleans";"E";2;3
"Orleans";"F";9;7
"Orleans";"G";3;8
"Orleans";"H";6;0
"Orleans";"I";-6;2
"Orleans";"J";1;3
"Orleans";"M";0;3
"Orleans";"N";1;3
"Orleans";"P";-19;9
"Orleans";"Q";0;10
"Orleans";"R";5;1
"Orleans";"S";1;1
"Otacílio Costa";"A";-4;2
"Otacílio Costa";"C";-65;90
"Otacílio Costa";"E";2;1
"Otacílio Costa";"F";-10;-2
"Otacílio Costa";"G";-6;13
"Otacílio Costa";"H";-8;0
"Otacílio Costa";"I";0;4
"Otacílio Costa";"J";NA;-1
"Otacílio Costa";"L";NA;1
"Otacílio Costa";"M";0;1
"Otacílio Costa";"N";7;1
"Otacílio Costa";"P";0;-1
"Otacílio Costa";"Q";-3;7
"Otacílio Costa";"R";1;-1
"Otacílio Costa";"S";-1;NA
"Ouro";"C";-3;3
"Ouro";"F";-2;2
"Ouro";"G";2;20
"Ouro";"H";-1;4
"Ouro";"I";-1;-3
"Ouro";"K";0;0
"Ouro";"N";2;NA
"Ouro";"O";-41;48
"Ouro";"P";NA;-1
"Ouro";"R";1;NA
"Ouro";"S";NA;1
"Ouro Verde";"A";3;-3
"Ouro Verde";"G";1;-1
"Ouro Verde";"N";-1;NA
"Paial";"C";1;5
"Paial";"F";1;-1
"Paial";"G";-3;3
"Paial";"N";1;NA
"Paial";"S";NA;1
"Painel";"A";-1;-17
"Painel";"G";NA;-1
"Painel";"I";NA;1
"Palhoça";"A";NA;-1
"Palhoça";"B";-7;12
"Palhoça";"C";-7;159
"Palhoça";"E";-5;-1
"Palhoça";"F";-137;106
"Palhoça";"G";305;-9
"Palhoça";"H";-37;68
"Palhoça";"I";86;29
"Palhoça";"J";1;1
"Palhoça";"K";7;9
"Palhoça";"L";5;2
"Palhoça";"M";-11;9
"Palhoça";"N";122;140
"Palhoça";"P";-34;115
"Palhoça";"Q";0;8
"Palhoça";"R";-13;6
"Palhoça";"S";0;13
"Palma Sola";"A";3;0
"Palma Sola";"B";1;NA
"Palma Sola";"C";-24;6
"Palma Sola";"D";0;-1
"Palma Sola";"G";0;0
"Palma Sola";"H";-1;0
"Palma Sola";"I";-1;-1
"Palma Sola";"J";NA;1
"Palma Sola";"K";1;NA
"Palma Sola";"M";-1;NA
"Palma Sola";"N";3;NA
"Palma Sola";"Q";-1;0
"Palma Sola";"S";NA;1
"Palmeira";"B";0;NA
"Palmeira";"C";-5;-3
"Palmeira";"G";5;7
"Palmeira";"H";-1;3
"Palmeira";"I";NA;1
"Palmitos";"C";-16;3
"Palmitos";"E";1;NA
"Palmitos";"F";-6;-1
"Palmitos";"G";6;16
"Palmitos";"H";6;31
"Palmitos";"I";0;2
"Palmitos";"J";-18;0
"Palmitos";"K";3;1
"Palmitos";"M";-1;2
"Palmitos";"N";2;0
"Palmitos";"O";NA;-1
"Palmitos";"P";-2;0
"Palmitos";"Q";1;0
"Palmitos";"S";0;2
"Papanduva";"A";4;0
"Papanduva";"B";-1;1
"Papanduva";"C";-23;4
"Papanduva";"E";-9;-1
"Papanduva";"F";3;-9
"Papanduva";"G";15;8
"Papanduva";"H";-4;4
"Papanduva";"I";3;-4
"Papanduva";"J";-1;NA
"Papanduva";"K";1;8
"Papanduva";"M";-1;0
"Papanduva";"N";1;2
"Papanduva";"O";NA;1
"Papanduva";"P";NA;2
"Papanduva";"Q";3;-2
"Papanduva";"S";-8;-4
"Paraíso";"A";NA;1
"Paraíso";"C";4;5
"Paraíso";"D";NA;1
"Paraíso";"F";NA;1
"Paraíso";"G";0;10
"Paraíso";"H";-1;-1
"Paraíso";"M";-1;-1
"Passo de Torres";"C";6;-2
"Passo de Torres";"E";1;NA
"Passo de Torres";"F";5;6
"Passo de Torres";"G";38;7
"Passo de Torres";"H";2;-1
"Passo de Torres";"I";2;4
"Passo de Torres";"K";NA;1
"Passo de Torres";"L";NA;1
"Passo de Torres";"M";-2;2
"Passo de Torres";"N";7;1
"Passo de Torres";"P";NA;1
"Passo de Torres";"Q";NA;0
"Passo de Torres";"R";NA;-1
"Passo de Torres";"S";-1;0
"Passos Maia";"A";-1;-2
"Passos Maia";"C";0;-8
"Passos Maia";"F";-1;NA
"Passos Maia";"G";-7;-5
"Passos Maia";"J";-1;NA
"Passos Maia";"K";-4;2
"Passos Maia";"M";NA;1
"Paulo Lopes";"B";-1;2
"Paulo Lopes";"C";7;0
"Paulo Lopes";"D";-2;1
"Paulo Lopes";"F";-5;4
"Paulo Lopes";"G";12;-3
"Paulo Lopes";"H";1;4
"Paulo Lopes";"I";7;4
"Paulo Lopes";"J";4;4
"Paulo Lopes";"K";NA;0
"Paulo Lopes";"M";-1;1
"Paulo Lopes";"N";1;12
"Pedras Grandes";"A";-2;2
"Pedras Grandes";"B";1;1
"Pedras Grandes";"C";-1;-10
"Pedras Grandes";"E";2;2
"Pedras Grandes";"F";NA;-3
"Pedras Grandes";"G";3;3
"Pedras Grandes";"H";0;1
"Pedras Grandes";"I";NA;1
"Pedras Grandes";"K";-1;NA
"Penha";"C";-24;30
"Penha";"E";9;-4
"Penha";"F";-8;24
"Penha";"G";35;-1
"Penha";"H";3;29
"Penha";"I";77;16
"Penha";"K";NA;-1
"Penha";"L";-3;1
"Penha";"M";3;1
"Penha";"N";17;3
"Penha";"P";NA;0
"Penha";"Q";2;0
"Penha";"R";3;0
"Penha";"S";-1;-2
"Peritiba";"C";0;5
"Peritiba";"F";NA;-1
"Peritiba";"G";-3;-5
"Peritiba";"H";-1;3
"Peritiba";"J";-1;2
"Peritiba";"M";0;1
"Peritiba";"N";0;NA
"Pescaria Brava";"C";1;-2
"Pescaria Brava";"E";0;0
"Pescaria Brava";"F";-1;1
"Pescaria Brava";"G";6;12
"Pescaria Brava";"H";-2;4
"Pescaria Brava";"I";-1;NA
"Pescaria Brava";"L";NA;-1
"Pescaria Brava";"M";NA;-1
"Pescaria Brava";"N";1;0
"Pescaria Brava";"P";1;-1
"Petrolândia";"A";1;2
"Petrolândia";"C";0;17
"Petrolândia";"E";0;2
"Petrolândia";"F";NA;4
"Petrolândia";"G";0;-5
"Petrolândia";"H";0;2
"Petrolândia";"I";-1;1
"Petrolândia";"Q";-1;-1
"Pinhalzinho";"A";1;0
"Pinhalzinho";"B";NA;-2
"Pinhalzinho";"C";-85;59
"Pinhalzinho";"F";-4;0
"Pinhalzinho";"G";11;9
"Pinhalzinho";"H";11;15
"Pinhalzinho";"I";-1;6
"Pinhalzinho";"J";-2;2
"Pinhalzinho";"K";-2;3
"Pinhalzinho";"L";1;1
"Pinhalzinho";"M";-1;7
"Pinhalzinho";"N";-3;2
"Pinhalzinho";"P";-15;11
"Pinhalzinho";"Q";-1;-2
"Pinhalzinho";"R";3;0
"Pinhalzinho";"S";0;1
"Pinheiro Preto";"A";-1;-1
"Pinheiro Preto";"C";-31;-6
"Pinheiro Preto";"F";NA;-1
"Pinheiro Preto";"G";1;0
"Pinheiro Preto";"H";-2;13
"Pinheiro Preto";"K";-1;2
"Pinheiro Preto";"N";NA;5
"Piratuba";"C";3;1
"Piratuba";"E";3;NA
"Piratuba";"F";0;-1
"Piratuba";"G";7;3
"Piratuba";"H";2;-1
"Piratuba";"I";14;-9
"Piratuba";"J";1;NA
"Piratuba";"M";3;2
"Piratuba";"Q";NA;-1
"Piratuba";"S";-1;-1
"Planalto Alegre";"A";2;NA
"Planalto Alegre";"C";-5;11
"Planalto Alegre";"F";-4;-1
"Planalto Alegre";"G";-1;1
"Planalto Alegre";"H";0;-1
"Planalto Alegre";"M";1;NA
"Planalto Alegre";"N";0;NA
"Planalto Alegre";"Q";NA;1
"Pomerode";"A";NA;1
"Pomerode";"B";-1;2
"Pomerode";"C";-224;183
"Pomerode";"E";NA;-1
"Pomerode";"F";-7;2
"Pomerode";"G";-4;32
"Pomerode";"H";3;7
"Pomerode";"I";9;12
"Pomerode";"J";NA;4
"Pomerode";"K";NA;1
"Pomerode";"M";-2;2
"Pomerode";"N";0;3
"Pomerode";"P";-2;2
"Pomerode";"Q";-4;3
"Pomerode";"R";NA;-1
"Pomerode";"S";-1;1
"Ponte Alta";"A";1;-2
"Ponte Alta";"B";-1;0
"Ponte Alta";"C";10;-1
"Ponte Alta";"G";2;7
"Ponte Alta";"H";NA;1
"Ponte Alta";"I";-1;1
"Ponte Alta";"N";NA;1
"Ponte Alta";"P";NA;0
"Ponte Alta";"S";NA;1
"Ponte Alta do Norte";"A";2;-2
"Ponte Alta do Norte";"C";-3;16
"Ponte Alta do Norte";"G";-1;-1
"Ponte Alta do Norte";"H";-1;1
"Ponte Alta do Norte";"I";-1;NA
"Ponte Alta do Norte";"Q";-1;NA
"Ponte Serrada";"A";4;12
"Ponte Serrada";"C";-1;0
"Ponte Serrada";"D";NA;1
"Ponte Serrada";"F";-2;-1
"Ponte Serrada";"G";15;10
"Ponte Serrada";"H";8;4
"Ponte Serrada";"I";0;8
"Ponte Serrada";"J";-2;-1
"Ponte Serrada";"M";1;3
"Ponte Serrada";"N";NA;-2
"Ponte Serrada";"Q";3;1
"Ponte Serrada";"R";-1;NA
"Ponte Serrada";"S";1;1
"Porto Belo";"A";NA;18
"Porto Belo";"C";-4;6
"Porto Belo";"E";1;4
"Porto Belo";"F";-3;46
"Porto Belo";"G";155;-36
"Porto Belo";"H";27;-14
"Porto Belo";"I";52;-5
"Porto Belo";"J";1;2
"Porto Belo";"K";1;1
"Porto Belo";"L";0;-2
"Porto Belo";"M";NA;1
"Porto Belo";"N";11;15
"Porto Belo";"P";-16;27
"Porto Belo";"Q";1;1
"Porto Belo";"R";4;1
"Porto Belo";"S";2;0
"Porto União";"A";-1;3
"Porto União";"B";2;1
"Porto União";"C";-27;62
"Porto União";"F";-12;-6
"Porto União";"G";32;-12
"Porto União";"H";-2;11
"Porto União";"I";3;12
"Porto União";"J";1;-5
"Porto União";"K";1;1
"Porto União";"M";-1;-3
"Porto União";"N";32;-13
"Porto União";"O";NA;0
"Porto União";"P";-3;10
"Porto União";"Q";-1;4
"Porto União";"R";-1;1
"Porto União";"S";1;-1
"Pouso Redondo";"A";2;-2
"Pouso Redondo";"B";NA;1
"Pouso Redondo";"C";-66;53
"Pouso Redondo";"F";-11;-2
"Pouso Redondo";"G";5;16
"Pouso Redondo";"H";-8;1
"Pouso Redondo";"I";1;2
"Pouso Redondo";"J";1;NA
"Pouso Redondo";"K";NA;2
"Pouso Redondo";"M";-2;1
"Pouso Redondo";"N";NA;3
"Pouso Redondo";"P";-2;NA
"Pouso Redondo";"Q";2;-3
"Pouso Redondo";"S";-1;1
"Praia Grande";"C";11;23
"Praia Grande";"D";-3;-1
"Praia Grande";"F";NA;-1
"Praia Grande";"G";12;11
"Praia Grande";"H";NA;1
"Praia Grande";"I";4;2
"Praia Grande";"J";NA;1
"Praia Grande";"N";-1;-1
"Praia Grande";"P";NA;1
"Praia Grande";"Q";0;3
"Praia Grande";"S";NA;2
"Presidente Castello Branco";"A";NA;-3
"Presidente Castello Branco";"G";-2;0
"Presidente Castello Branco";"H";-3;2
"Presidente Castello Branco";"I";NA;2
"Presidente Castello Branco";"N";3;1
"Presidente Getúlio";"A";-1;NA
"Presidente Getúlio";"C";-131;95
"Presidente Getúlio";"F";-1;3
"Presidente Getúlio";"G";-7;13
"Presidente Getúlio";"H";-3;-3
"Presidente Getúlio";"I";-8;7
"Presidente Getúlio";"J";-3;0
"Presidente Getúlio";"K";1;-2
"Presidente Getúlio";"L";-2;1
"Presidente Getúlio";"M";-4;0
"Presidente Getúlio";"N";-1;2
"Presidente Getúlio";"P";4;-3
"Presidente Getúlio";"Q";NA;2
"Presidente Getúlio";"R";-1;NA
"Presidente Getúlio";"S";-1;-2
"Presidente Nereu";"A";-2;NA
"Presidente Nereu";"C";-5;1
"Presidente Nereu";"G";0;NA
"Princesa";"A";NA;0
"Princesa";"C";-15;10
"Princesa";"D";1;NA
"Princesa";"G";2;0
"Princesa";"H";0;1
"Princesa";"J";NA;1
"Princesa";"S";NA;1
"Quilombo";"A";0;-3
"Quilombo";"C";16;5
"Quilombo";"F";0;-4
"Quilombo";"G";1;2
"Quilombo";"H";4;5
"Quilombo";"I";-2;NA
"Quilombo";"J";NA;-1
"Quilombo";"K";0;NA
"Quilombo";"L";NA;0
"Quilombo";"M";-1;3
"Quilombo";"N";-1;-2
"Quilombo";"Q";2;5
"Quilombo";"S";1;1
"Rancho Queimado";"C";-1;-1
"Rancho Queimado";"F";NA;1
"Rancho Queimado";"G";-1;2
"Rancho Queimado";"H";0;0
"Rancho Queimado";"I";-2;1
"Rancho Queimado";"N";NA;-1
"Rancho Queimado";"P";-1;1
"Rancho Queimado";"S";-1;NA
"Rio das Antas";"A";-1;-2
"Rio das Antas";"C";1;9
"Rio das Antas";"E";-2;-5
"Rio das Antas";"F";-1;-1
"Rio das Antas";"G";-2;1
"Rio das Antas";"H";NA;-1
"Rio das Antas";"I";NA;1
"Rio das Antas";"K";1;NA
"Rio das Antas";"Q";NA;1
"Rio do Campo";"A";-2;3
"Rio do Campo";"C";-10;9
"Rio do Campo";"F";-1;3
"Rio do Campo";"G";-5;4
"Rio do Campo";"H";NA;-1
"Rio do Campo";"I";0;NA
"Rio do Campo";"N";0;-1
"Rio do Campo";"O";NA;0
"Rio do Campo";"P";NA;-1
"Rio do Campo";"Q";0;NA
"Rio do Campo";"R";1;NA
"Rio do Campo";"S";1;0
"Rio do Oeste";"A";-2;1
"Rio do Oeste";"C";-14;29
"Rio do Oeste";"E";-6;-3
"Rio do Oeste";"F";2;1
"Rio do Oeste";"G";2;3
"Rio do Oeste";"H";NA;0
"Rio do Oeste";"I";1;1
"Rio do Oeste";"K";NA;1
"Rio do Oeste";"L";NA;-1
"Rio do Oeste";"M";NA;0
"Rio do Oeste";"N";2;8
"Rio do Oeste";"Q";0;-1
"Rio do Oeste";"S";1;NA
"Rio do Sul";"A";NA;-1
"Rio do Sul";"C";-133;138
"Rio do Sul";"D";-1;1
"Rio do Sul";"E";NA;5
"Rio do Sul";"F";-19;26
"Rio do Sul";"G";-29;45
"Rio do Sul";"H";-5;14
"Rio do Sul";"I";-23;34
"Rio do Sul";"J";11;26
"Rio do Sul";"K";7;5
"Rio do Sul";"L";NA;0
"Rio do Sul";"M";-19;-5
"Rio do Sul";"N";8;15
"Rio do Sul";"O";NA;1
"Rio do Sul";"P";-26;99
"Rio do Sul";"Q";-3;22
"Rio do Sul";"R";-4;-4
"Rio do Sul";"S";-18;16
"Rio dos Cedros";"A";-1;NA
"Rio dos Cedros";"C";-107;25
"Rio dos Cedros";"E";NA;1
"Rio dos Cedros";"F";-11;-5
"Rio dos Cedros";"G";-1;1
"Rio dos Cedros";"H";-2;3
"Rio dos Cedros";"I";-1;2
"Rio dos Cedros";"K";NA;-1
"Rio dos Cedros";"M";4;3
"Rio dos Cedros";"N";NA;3
"Rio dos Cedros";"Q";2;0
"Rio dos Cedros";"R";NA;0
"Rio dos Cedros";"S";1;4
"Rio Fortuna";"C";0;1
"Rio Fortuna";"F";-2;-1
"Rio Fortuna";"G";-5;10
"Rio Fortuna";"H";NA;1
"Rio Fortuna";"I";NA;0
"Rio Fortuna";"K";NA;1
"Rio Fortuna";"M";NA;-1
"Rio Fortuna";"P";NA;-1
"Rio Fortuna";"Q";1;NA
"Rio Fortuna";"S";NA;1
"Rio Negrinho";"A";-18;16
"Rio Negrinho";"C";-117;110
"Rio Negrinho";"E";NA;0
"Rio Negrinho";"F";-5;15
"Rio Negrinho";"G";-18;8
"Rio Negrinho";"H";2;15
"Rio Negrinho";"I";3;7
"Rio Negrinho";"J";0;3
"Rio Negrinho";"K";-2;1
"Rio Negrinho";"L";-2;0
"Rio Negrinho";"M";-7;1
"Rio Negrinho";"N";-47;-1
"Rio Negrinho";"O";-24;-22
"Rio Negrinho";"P";-1;7
"Rio Negrinho";"Q";-1;4
"Rio Negrinho";"S";5;1
"Rio Rufino";"C";-2;3
"Rio Rufino";"G";-2;-2
"Rio Rufino";"I";NA;1
"Rio Rufino";"J";NA;-1
"Rio Rufino";"K";1;NA
"Riqueza";"A";-1;1
"Riqueza";"C";-12;24
"Riqueza";"F";-2;NA
"Riqueza";"G";7;5
"Riqueza";"H";2;1
"Riqueza";"I";NA;2
"Riqueza";"M";-1;1
"Riqueza";"N";-1;-2
"Riqueza";"P";NA;-1
"Riqueza";"Q";1;0
"Riqueza";"S";NA;-1
"Rodeio";"A";NA;-1
"Rodeio";"B";NA;-1
"Rodeio";"C";-38;33
"Rodeio";"E";NA;2
"Rodeio";"F";NA;3
"Rodeio";"G";6;-2
"Rodeio";"H";-1;3
"Rodeio";"I";NA;2
"Rodeio";"M";NA;-1
"Rodeio";"N";NA;-1
"Rodeio";"P";-1;NA
"Rodeio";"Q";-1;NA
"Rodeio";"S";-2;-2
"Romelândia";"A";NA;-1
"Romelândia";"D";NA;3
"Romelândia";"F";-1;4
"Romelândia";"G";-2;0
"Romelândia";"H";0;NA
"Romelândia";"K";NA;-1
"Romelândia";"S";NA;4
"Salete";"A";-1;0
"Salete";"C";-56;26
"Salete";"F";NA;-1
"Salete";"G";1;6
"Salete";"H";-2;5
"Salete";"I";-2;1
"Salete";"M";NA;1
"Salete";"N";NA;2
"Salete";"Q";NA;1
"Salete";"R";-1;NA
"Salete";"S";NA;0
"Saltinho";"A";NA;-1
"Saltinho";"C";-5;16
"Saltinho";"F";NA;-1
"Saltinho";"G";2;2
"Saltinho";"H";NA;1
"Saltinho";"I";NA;1
"Salto Veloso";"A";0;2
"Salto Veloso";"C";-33;29
"Salto Veloso";"F";0;1
"Salto Veloso";"G";3;4
"Salto Veloso";"H";2;1
"Salto Veloso";"I";-1;5
"Salto Veloso";"M";NA;-1
"Salto Veloso";"N";-1;1
"Salto Veloso";"Q";NA;1
"Salto Veloso";"S";NA;-1
"Sangão";"C";-8;68
"Sangão";"E";NA;1
"Sangão";"F";-1;7
"Sangão";"G";7;10
"Sangão";"H";1;10
"Sangão";"I";4;-1
"Sangão";"N";-4;-2
"Sangão";"P";1;-1
"Santa Cecília";"A";-23;-3
"Santa Cecília";"C";-36;-5
"Santa Cecília";"E";-1;NA
"Santa Cecília";"F";-2;-2
"Santa Cecília";"G";-2;12
"Santa Cecília";"H";1;0
"Santa Cecília";"I";0;0
"Santa Cecília";"J";NA;-2
"Santa Cecília";"K";1;NA
"Santa Cecília";"M";-2;4
"Santa Cecília";"N";-4;-2
"Santa Cecília";"P";NA;1
"Santa Cecília";"Q";-2;-2
"Santa Cecília";"R";NA;1
"Santa Cecília";"S";NA;0
"Santa Helena";"C";-9;2
"Santa Helena";"G";3;1
"Santa Helena";"H";NA;-1
"Santa Helena";"I";NA;-1
"Santa Helena";"J";NA;1
"Santa Helena";"M";NA;-7
"Santa Rosa de Lima";"C";2;3
"Santa Rosa de Lima";"G";NA;-1
"Santa Rosa de Lima";"H";NA;-1
"Santa Rosa de Lima";"K";-1;NA
"Santa Rosa de Lima";"M";-1;1
"Santa Rosa de Lima";"S";NA;-1
"Santa Rosa do Sul";"C";0;1
"Santa Rosa do Sul";"F";-3;-3
"Santa Rosa do Sul";"G";5;2
"Santa Rosa do Sul";"H";0;11
"Santa Rosa do Sul";"I";0;-1
"Santa Rosa do Sul";"K";1;NA
"Santa Rosa do Sul";"M";-1;-1
"Santa Rosa do Sul";"N";-1;2
"Santa Rosa do Sul";"Q";NA;1
"Santa Rosa do Sul";"S";NA;3
"Santa Terezinha";"C";-8;3
"Santa Terezinha";"F";NA;0
"Santa Terezinha";"G";9;11
"Santa Terezinha";"H";0;-1
"Santa Terezinha";"I";2;1
"Santa Terezinha";"J";NA;-1
"Santa Terezinha";"K";1;-1
"Santa Terezinha";"M";1;NA
"Santa Terezinha";"N";NA;2
"Santa Terezinha";"Q";NA;0
"Santa Terezinha";"S";1;1
"Santa Terezinha do Progresso";"A";-1;NA
"Santa Terezinha do Progresso";"C";2;2
"Santa Terezinha do Progresso";"D";1;NA
"Santa Terezinha do Progresso";"F";NA;3
"Santa Terezinha do Progresso";"K";NA;-1
"Santiago do Sul";"C";6;1
"Santiago do Sul";"F";NA;1
"Santiago do Sul";"G";2;1
"Santiago do Sul";"H";-2;1
"Santiago do Sul";"K";-1;NA
"Santo Amaro da Imperatriz";"A";1;NA
"Santo Amaro da Imperatriz";"C";19;31
"Santo Amaro da Imperatriz";"F";-18;3
"Santo Amaro da Imperatriz";"G";9;1
"Santo Amaro da Imperatriz";"H";3;-6
"Santo Amaro da Imperatriz";"I";1;22
"Santo Amaro da Imperatriz";"J";NA;3
"Santo Amaro da Imperatriz";"K";NA;1
"Santo Amaro da Imperatriz";"M";1;1
"Santo Amaro da Imperatriz";"N";-1;-19
"Santo Amaro da Imperatriz";"O";-108;138
"Santo Amaro da Imperatriz";"P";1;4
"Santo Amaro da Imperatriz";"Q";-2;2
"Santo Amaro da Imperatriz";"R";-1;4
"Santo Amaro da Imperatriz";"S";0;0
"São Bento do Sul";"A";-1;0
"São Bento do Sul";"C";-448;355
"São Bento do Sul";"D";NA;2
"São Bento do Sul";"E";-2;-1
"São Bento do Sul";"F";-16;20
"São Bento do Sul";"G";1;41
"São Bento do Sul";"H";-7;13
"São Bento do Sul";"I";1;6
"São Bento do Sul";"J";0;8
"São Bento do Sul";"K";8;-4
"São Bento do Sul";"L";-2;1
"São Bento do Sul";"M";-5;-51
"São Bento do Sul";"N";4;6
"São Bento do Sul";"O";-3;-27
"São Bento do Sul";"P";-14;-6
"São Bento do Sul";"Q";11;24
"São Bento do Sul";"R";NA;1
"São Bento do Sul";"S";-15;10
"São Bernardino";"C";-3;-5
"São Bernardino";"G";0;NA
"São Bernardino";"H";NA;1
"São Bonifácio";"C";-4;-3
"São Bonifácio";"G";0;2
"São Bonifácio";"I";-1;NA
"São Bonifácio";"J";NA;1
"São Bonifácio";"S";1;1
"São Carlos";"A";0;NA
"São Carlos";"C";-6;12
"São Carlos";"F";-12;-9
"São Carlos";"G";4;-5
"São Carlos";"H";-1;-1
"São Carlos";"I";-1;NA
"São Carlos";"J";-1;NA
"São Carlos";"P";-2;-1
"São Carlos";"Q";-1;15
"São Carlos";"R";1;NA
"São Carlos";"S";-1;2
"São Cristovão do Sul";"A";-3;-2
"São Cristovão do Sul";"B";0;-2
"São Cristovão do Sul";"C";-25;16
"São Cristovão do Sul";"F";-1;3
"São Cristovão do Sul";"G";0;-2
"São Cristovão do Sul";"H";-2;-1
"São Cristovão do Sul";"I";0;3
"São Cristovão do Sul";"N";-1;NA
"São Domingos";"A";1;NA
"São Domingos";"C";-3;2
"São Domingos";"F";-1;-1
"São Domingos";"G";3;2
"São Domingos";"H";-7;9
"São Domingos";"I";1;NA
"São Domingos";"J";-1;NA
"São Domingos";"K";NA;1
"São Domingos";"M";-1;-1
"São Domingos";"N";1;0
"São Domingos";"O";-1;-1
"São Francisco do Sul";"B";0;NA
"São Francisco do Sul";"C";-23;-5
"São Francisco do Sul";"E";1;1
"São Francisco do Sul";"F";-4;16
"São Francisco do Sul";"G";113;-14
"São Francisco do Sul";"H";16;70
"São Francisco do Sul";"I";38;-17
"São Francisco do Sul";"J";NA;2
"São Francisco do Sul";"K";1;-2
"São Francisco do Sul";"L";1;2
"São Francisco do Sul";"M";-1;1
"São Francisco do Sul";"N";-3;-1
"São Francisco do Sul";"O";NA;0
"São Francisco do Sul";"P";-17;11
"São Francisco do Sul";"Q";7;-5
"São Francisco do Sul";"R";-1;2
"São Francisco do Sul";"S";1;14
"São João Batista";"B";-1;NA
"São João Batista";"C";-411;324
"São João Batista";"E";NA;3
"São João Batista";"F";-7;6
"São João Batista";"G";-3;14
"São João Batista";"H";2;-2
"São João Batista";"I";4;4
"São João Batista";"J";-1;3
"São João Batista";"K";-1;NA
"São João Batista";"L";NA;1
"São João Batista";"M";-1;1
"São João Batista";"N";0;7
"São João Batista";"P";-1;-3
"São João Batista";"Q";1;2
"São João Batista";"R";20;-15
"São João Batista";"S";-2;3
"São João do Itaperiú";"A";NA;-1
"São João do Itaperiú";"B";2;0
"São João do Itaperiú";"C";-4;4
"São João do Itaperiú";"E";NA;-1
"São João do Itaperiú";"F";2;1
"São João do Itaperiú";"G";1;-1
"São João do Itaperiú";"H";7;12
"São João do Itaperiú";"I";NA;-1
"São João do Itaperiú";"K";-1;NA
"São João do Itaperiú";"R";1;NA
"São João do Oeste";"A";NA;2
"São João do Oeste";"C";6;19
"São João do Oeste";"F";-3;-1
"São João do Oeste";"G";9;4
"São João do Oeste";"H";-5;7
"São João do Oeste";"I";-1;3
"São João do Oeste";"K";1;NA
"São João do Oeste";"N";1;-1
"São João do Oeste";"Q";1;-1
"São João do Oeste";"R";NA;-1
"São João do Oeste";"S";NA;1
"São João do Sul";"C";-4;20
"São João do Sul";"F";NA;0
"São João do Sul";"G";4;31
"São João do Sul";"I";0;4
"São João do Sul";"J";NA;1
"São João do Sul";"M";3;0
"São João do Sul";"N";NA;1
"São João do Sul";"S";-1;0
"São Joaquim";"A";-17;257
"São Joaquim";"C";2;0
"São Joaquim";"F";2;6
"São Joaquim";"G";6;64
"São Joaquim";"H";-1;-3
"São Joaquim";"I";-4;10
"São Joaquim";"J";1;-1
"São Joaquim";"K";NA;-1
"São Joaquim";"L";-1;2
"São Joaquim";"M";2;1
"São Joaquim";"N";0;NA
"São Joaquim";"P";-5;6
"São Joaquim";"Q";1;9
"São Joaquim";"R";NA;2
"São Joaquim";"S";-2;-2
"São José";"B";-1;0
"São José";"C";-42;148
"São José";"D";-4;10
"São José";"E";3;11
"São José";"F";-196;34
"São José";"G";214;162
"São José";"H";6;37
"São José";"I";29;134
"São José";"J";20;252
"São José";"K";17;1
"São José";"L";0;9
"São José";"M";-26;208
"São José";"N";623;257
"São José";"P";-74;160
"São José";"Q";20;41
"São José";"R";11;-12
"São José";"S";-4;11
"São José do Cedro";"A";1;NA
"São José do Cedro";"C";-6;29
"São José do Cedro";"F";-3;-1
"São José do Cedro";"G";0;0
"São José do Cedro";"H";-2;4
"São José do Cedro";"I";-2;4
"São José do Cedro";"J";NA;1
"São José do Cedro";"K";1;0
"São José do Cedro";"M";0;5
"São José do Cedro";"N";0;0
"São José do Cedro";"P";-3;1
"São José do Cedro";"Q";0;-1
"São José do Cedro";"S";-2;3
"São José do Cerrito";"A";-2;-2
"São José do Cerrito";"C";-4;5
"São José do Cerrito";"F";NA;2
"São José do Cerrito";"G";-2;1
"São José do Cerrito";"H";-1;-3
"São José do Cerrito";"K";2;1
"São José do Cerrito";"M";-1;1
"São Lourenço do Oeste";"A";3;2
"São Lourenço do Oeste";"B";NA;1
"São Lourenço do Oeste";"C";-196;157
"São Lourenço do Oeste";"E";-1;1
"São Lourenço do Oeste";"F";2;7
"São Lourenço do Oeste";"G";23;30
"São Lourenço do Oeste";"H";-3;8
"São Lourenço do Oeste";"I";-1;-1
"São Lourenço do Oeste";"J";3;1
"São Lourenço do Oeste";"K";-2;-1
"São Lourenço do Oeste";"L";-2;1
"São Lourenço do Oeste";"M";-8;11
"São Lourenço do Oeste";"N";2;2
"São Lourenço do Oeste";"P";-1;8
"São Lourenço do Oeste";"Q";3;1
"São Lourenço do Oeste";"R";-1;-2
"São Lourenço do Oeste";"S";1;-1
"São Ludgero";"A";-2;-1
"São Ludgero";"C";-62;51
"São Ludgero";"D";NA;3
"São Ludgero";"E";-10;8
"São Ludgero";"F";2;6
"São Ludgero";"G";3;21
"São Ludgero";"H";6;1
"São Ludgero";"I";0;2
"São Ludgero";"J";-3;1
"São Ludgero";"M";0;2
"São Ludgero";"N";NA;2
"São Ludgero";"P";1;6
"São Ludgero";"Q";NA;-1
"São Ludgero";"R";NA;1
"São Ludgero";"S";-1;7
"São Martinho";"C";-1;12
"São Martinho";"G";-1;3
"São Martinho";"H";2;NA
"São Martinho";"I";2;-1
"São Martinho";"N";NA;2
"São Martinho";"S";NA;1
"São Miguel da Boa Vista";"F";NA;3
"São Miguel da Boa Vista";"G";-1;1
"São Miguel do Oeste";"A";6;-1
"São Miguel do Oeste";"B";0;-4
"São Miguel do Oeste";"C";-40;25
"São Miguel do Oeste";"D";2;6
"São Miguel do Oeste";"F";-13;33
"São Miguel do Oeste";"G";-10;49
"São Miguel do Oeste";"H";8;18
"São Miguel do Oeste";"I";0;9
"São Miguel do Oeste";"J";3;-10
"São Miguel do Oeste";"K";10;7
"São Miguel do Oeste";"L";3;2
"São Miguel do Oeste";"M";-6;5
"São Miguel do Oeste";"N";7;5
"São Miguel do Oeste";"P";-21;17
"São Miguel do Oeste";"Q";7;4
"São Miguel do Oeste";"R";1;5
"São Miguel do Oeste";"S";5;2
"São Pedro de Alcântara";"A";-1;1
"São Pedro de Alcântara";"C";-2;NA
"São Pedro de Alcântara";"G";-2;10
"São Pedro de Alcântara";"H";1;5
"São Pedro de Alcântara";"I";NA;1
"São Pedro de Alcântara";"O";-76;52
"São Pedro de Alcântara";"P";3;1
"São Pedro de Alcântara";"S";NA;2
"Saudades";"A";-2;NA
"Saudades";"C";-27;-1
"Saudades";"D";0;27
"Saudades";"E";0;0
"Saudades";"F";0;NA
"Saudades";"G";-6;-8
"Saudades";"H";0;0
"Saudades";"I";1;0
"Saudades";"J";NA;-1
"Saudades";"K";NA;-1
"Saudades";"M";1;1
"Saudades";"Q";-1;2
"Saudades";"R";NA;1
"Saudades";"S";2;1
"Schroeder";"C";-70;82
"Schroeder";"E";NA;1
"Schroeder";"F";-3;4
"Schroeder";"G";5;-6
"Schroeder";"H";9;6
"Schroeder";"I";-1;0
"Schroeder";"M";-1;-2
"Schroeder";"N";NA;0
"Schroeder";"O";-84;52
"Schroeder";"P";-2;4
"Schroeder";"Q";1;1
"Schroeder";"S";0;1
"Seara";"A";18;-2
"Seara";"B";NA;-1
"Seara";"C";-34;90
"Seara";"E";-2;2
"Seara";"F";-2;-3
"Seara";"G";-2;7
"Seara";"H";8;14
"Seara";"I";-3;2
"Seara";"J";-1;0
"Seara";"K";1;NA
"Seara";"L";NA;1
"Seara";"M";1;4
"Seara";"N";-4;9
"Seara";"P";NA;-2
"Seara";"Q";-1;2
"Seara";"R";NA;3
"Seara";"S";2;1
"Serra Alta";"C";-1;8
"Serra Alta";"F";-2;1
"Serra Alta";"G";-1;1
"Serra Alta";"H";0;1
"Serra Alta";"I";NA;1
"Serra Alta";"P";NA;1
"Siderópolis";"B";2;0
"Siderópolis";"C";9;12
"Siderópolis";"D";1;NA
"Siderópolis";"F";-22;-85
"Siderópolis";"G";-6;8
"Siderópolis";"H";6;6
"Siderópolis";"I";1;0
"Siderópolis";"L";NA;1
"Siderópolis";"M";-1;NA
"Siderópolis";"N";NA;-1
"Siderópolis";"O";NA;63
"Siderópolis";"P";NA;1
"Siderópolis";"Q";NA;1
"Siderópolis";"S";-11;2
"Sombrio";"B";-1;-1
"Sombrio";"C";24;139
"Sombrio";"E";16;0
"Sombrio";"F";1;-4
"Sombrio";"G";62;33
"Sombrio";"H";-3;3
"Sombrio";"I";2;14
"Sombrio";"J";0;-4
"Sombrio";"L";-1;1
"Sombrio";"M";1;4
"Sombrio";"N";11;-5
"Sombrio";"P";-1;5
"Sombrio";"Q";2;3
"Sombrio";"S";3;12
"Sul Brasil";"A";NA;-1
"Sul Brasil";"C";-7;2
"Sul Brasil";"F";NA;1
"Sul Brasil";"G";-2;3
"Sul Brasil";"H";-2;NA
"Sul Brasil";"P";NA;0
"Taió";"A";3;-5
"Taió";"C";-63;12
"Taió";"E";NA;-1
"Taió";"F";-1;-1
"Taió";"G";-8;12
"Taió";"H";0;-5
"Taió";"I";0;2
"Taió";"J";-1;2
"Taió";"K";NA;1
"Taió";"M";-8;1
"Taió";"N";-6;-2
"Taió";"P";-1;-1
"Taió";"Q";5;-8
"Taió";"R";2;-1
"Taió";"S";-1;3
"Tangará";"A";-1;-2
"Tangará";"C";-28;2
"Tangará";"E";-5;0
"Tangará";"F";-3;4
"Tangará";"G";-5;3
"Tangará";"H";0;4
"Tangará";"I";-2;NA
"Tangará";"K";-1;2
"Tangará";"M";1;-1
"Tangará";"N";1;NA
"Tangará";"O";NA;-1
"Tangará";"Q";NA;-2
"Tangará";"S";-1;2
"Tigrinhos";"C";-1;11
"Tigrinhos";"F";-1;NA
"Tigrinhos";"G";-3;3
"Tigrinhos";"H";-2;2
"Tigrinhos";"N";0;NA
"Tijucas";"A";2;-4
"Tijucas";"B";0;0
"Tijucas";"C";-85;95
"Tijucas";"E";-1;-2
"Tijucas";"F";-7;14
"Tijucas";"G";15;109
"Tijucas";"H";10;10
"Tijucas";"I";-4;24
"Tijucas";"J";2;-1
"Tijucas";"K";NA;3
"Tijucas";"L";-2;3
"Tijucas";"M";5;4
"Tijucas";"N";-5;11
"Tijucas";"P";1;20
"Tijucas";"Q";3;10
"Tijucas";"R";0;0
"Tijucas";"S";-7;6
"Timbé do Sul";"B";-1;NA
"Timbé do Sul";"C";-1;-1
"Timbé do Sul";"F";-10;-2
"Timbé do Sul";"G";1;3
"Timbé do Sul";"J";1;NA
"Timbé do Sul";"N";NA;1
"Timbé do Sul";"P";0;NA
"Timbé do Sul";"Q";1;NA
"Timbé do Sul";"S";-3;5
"Timbó";"A";0;0
"Timbó";"B";NA;2
"Timbó";"C";-367;297
"Timbó";"E";-1;1
"Timbó";"F";-8;8
"Timbó";"G";-11;4
"Timbó";"H";2;5
"Timbó";"I";-1;7
"Timbó";"J";5;0
"Timbó";"K";-2;4
"Timbó";"L";-1;1
"Timbó";"M";-1;3
"Timbó";"N";0;3
"Timbó";"O";-1;NA
"Timbó";"P";-15;15
"Timbó";"Q";2;8
"Timbó";"R";-1;1
"Timbó";"S";4;14
"Timbó";"T";NA;2
"Timbó Grande";"A";-9;-2
"Timbó Grande";"C";-41;-4
"Timbó Grande";"G";-2;12
"Timbó Grande";"I";NA;-1
"Timbó Grande";"J";NA;1
"Timbó Grande";"N";1;-3
"Timbó Grande";"S";NA;2
"Três Barras";"A";-15;17
"Três Barras";"B";NA;0
"Três Barras";"C";-107;51
"Três Barras";"F";-124;-8
"Três Barras";"G";7;18
"Três Barras";"H";-11;17
"Três Barras";"I";-4;3
"Três Barras";"J";NA;-1
"Três Barras";"M";NA;-1
"Três Barras";"N";NA;1
"Três Barras";"O";-120;0
"Três Barras";"P";-3;0
"Três Barras";"Q";8;5
"Três Barras";"S";-3;2
"Treviso";"B";6;7
"Treviso";"C";-11;7
"Treviso";"D";-1;1
"Treviso";"F";0;0
"Treviso";"G";-1;-2
"Treviso";"H";0;-4
"Treviso";"Q";NA;-7
"Treviso";"S";NA;1
"Treze de Maio";"C";-17;39
"Treze de Maio";"D";-1;-2
"Treze de Maio";"F";-4;4
"Treze de Maio";"G";-5;15
"Treze de Maio";"H";-1;6
"Treze de Maio";"K";1;NA
"Treze de Maio";"L";-1;NA
"Treze de Maio";"M";63;-10
"Treze de Maio";"N";NA;1
"Treze de Maio";"P";NA;1
"Treze de Maio";"Q";1;1
"Treze de Maio";"R";NA;2
"Treze Tílias";"A";-3;0
"Treze Tílias";"B";-1;-2
"Treze Tílias";"C";-40;35
"Treze Tílias";"F";-1;8
"Treze Tílias";"G";-9;10
"Treze Tílias";"H";-2;-1
"Treze Tílias";"I";-1;7
"Treze Tílias";"J";NA;0
"Treze Tílias";"K";1;0
"Treze Tílias";"M";7;0
"Treze Tílias";"N";4;1
"Treze Tílias";"O";-13;19
"Treze Tílias";"P";2;-1
"Treze Tílias";"Q";NA;1
"Treze Tílias";"R";-5;2
"Treze Tílias";"S";1;2
"Trombudo Central";"B";-2;2
"Trombudo Central";"C";-35;18
"Trombudo Central";"F";-1;1
"Trombudo Central";"G";-3;5
"Trombudo Central";"H";-2;0
"Trombudo Central";"I";-1;2
"Trombudo Central";"J";-1;-1
"Trombudo Central";"K";NA;-1
"Trombudo Central";"M";-2;2
"Trombudo Central";"N";-9;-1
"Trombudo Central";"P";NA;-1
"Trombudo Central";"Q";1;2
"Trombudo Central";"S";-1;7
"Tubarão";"A";NA;0
"Tubarão";"B";-1;1
"Tubarão";"C";-151;148
"Tubarão";"D";1;3
"Tubarão";"E";-1;4
"Tubarão";"F";-1;38
"Tubarão";"G";107;84
"Tubarão";"H";2;63
"Tubarão";"I";8;28
"Tubarão";"J";5;14
"Tubarão";"K";4;5
"Tubarão";"L";-4;-5
"Tubarão";"M";-6;-2
"Tubarão";"N";-28;37
"Tubarão";"P";-84;106
"Tubarão";"Q";-8;22
"Tubarão";"R";-25;2
"Tubarão";"S";18;30
"Tunápolis";"A";1;5
"Tunápolis";"C";-7;1
"Tunápolis";"F";NA;-1
"Tunápolis";"G";2;5
"Tunápolis";"H";-2;-1
"Tunápolis";"I";-1;NA
"Tunápolis";"N";1;NA
"Tunápolis";"Q";0;1
"Tunápolis";"R";NA;-1
"Tunápolis";"S";-1;2
"Turvo";"A";-2;5
"Turvo";"C";-14;35
"Turvo";"D";1;0
"Turvo";"F";0;3
"Turvo";"G";14;13
"Turvo";"H";3;-9
"Turvo";"I";-2;0
"Turvo";"J";1;-1
"Turvo";"K";1;-2
"Turvo";"L";NA;1
"Turvo";"M";2;2
"Turvo";"N";1;2
"Turvo";"P";-1;4
"Turvo";"Q";-1;4
"Turvo";"S";3;-3
"União do Oeste";"A";-2;-2
"União do Oeste";"C";-2;8
"União do Oeste";"G";1;-1
"União do Oeste";"H";-3;NA
"União do Oeste";"K";NA;1
"União do Oeste";"S";-1;NA
"Urubici";"A";NA;20
"Urubici";"C";1;3
"Urubici";"F";NA;0
"Urubici";"G";10;10
"Urubici";"H";NA;1
"Urubici";"I";12;9
"Urubici";"J";NA;2
"Urubici";"K";NA;0
"Urubici";"L";1;NA
"Urubici";"M";NA;-1
"Urubici";"N";NA;-1
"Urubici";"Q";-2;1
"Urubici";"R";2;NA
"Urubici";"S";-6;6
"Urupema";"A";-53;47
"Urupema";"C";NA;17
"Urupema";"G";NA;5
"Urupema";"I";2;1
"Urupema";"K";0;NA
"Urupema";"N";NA;1
"Urussanga";"A";2;-1
"Urussanga";"B";-2;-1
"Urussanga";"C";-53;71
"Urussanga";"E";-1;NA
"Urussanga";"F";-5;6
"Urussanga";"G";11;-9
"Urussanga";"H";0;1
"Urussanga";"I";-2;2
"Urussanga";"J";1;0
"Urussanga";"M";-2;0
"Urussanga";"N";-1;14
"Urussanga";"O";1;NA
"Urussanga";"P";1;10
"Urussanga";"Q";3;2
"Urussanga";"R";NA;1
"Urussanga";"S";-1;3
"Vargeão";"A";1;-3
"Vargeão";"C";-12;19
"Vargeão";"F";-1;0
"Vargeão";"G";-2;2
"Vargeão";"H";-1;2
"Vargeão";"I";0;NA
"Vargeão";"M";NA;-1
"Vargeão";"N";NA;1
"Vargeão";"O";-2;NA
"Vargeão";"Q";NA;-1
"Vargem";"A";NA;-1
"Vargem";"C";2;1
"Vargem";"F";-1;76
"Vargem";"G";0;0
"Vargem";"H";NA;1
"Vargem";"S";NA;0
"Vargem Bonita";"A";NA;5
"Vargem Bonita";"B";0;1
"Vargem Bonita";"C";-6;17
"Vargem Bonita";"F";1;2
"Vargem Bonita";"G";-4;4
"Vargem Bonita";"H";1;4
"Vargem Bonita";"I";1;2
"Vargem Bonita";"N";-1;NA
"Vargem Bonita";"S";1;1
"Vidal Ramos";"A";0;-1
"Vidal Ramos";"B";0;4
"Vidal Ramos";"C";2;7
"Vidal Ramos";"F";NA;2
"Vidal Ramos";"G";-3;15
"Vidal Ramos";"H";-1;1
"Vidal Ramos";"I";0;-2
"Vidal Ramos";"M";-1;NA
"Vidal Ramos";"N";-1;NA
"Vidal Ramos";"Q";NA;1
"Vidal Ramos";"S";NA;1
"Videira";"A";-21;31
"Videira";"B";NA;-1
"Videira";"C";-253;106
"Videira";"E";-5;0
"Videira";"F";-13;-53
"Videira";"G";-15;25
"Videira";"H";-18;-11
"Videira";"I";-1;23
"Videira";"J";1;3
"Videira";"K";1;12
"Videira";"L";1;5
"Videira";"M";-9;4
"Videira";"N";-34;54
"Videira";"O";-103;115
"Videira";"P";-10;21
"Videira";"Q";8;18
"Videira";"R";NA;1
"Videira";"S";-5;7
"Videira";"T";1;NA
"Vitor Meireles";"A";NA;-1
"Vitor Meireles";"C";-16;5
"Vitor Meireles";"E";0;4
"Vitor Meireles";"F";NA;1
"Vitor Meireles";"G";0;0
"Vitor Meireles";"H";-4;-7
"Vitor Meireles";"K";0;NA
"Vitor Meireles";"P";-1;2
"Vitor Meireles";"Q";-1;NA
"Vitor Meireles";"S";1;1
"Witmarsum";"C";-18;9
"Witmarsum";"G";-1;6
"Witmarsum";"H";-1;2
"Witmarsum";"M";NA;1
"Witmarsum";"Q";0;0
"Witmarsum";"S";NA;-1
"Xanxerê";"A";4;7
"Xanxerê";"C";-97;73
"Xanxerê";"D";-9;1
"Xanxerê";"E";-7;8
"Xanxerê";"F";-41;0
"Xanxerê";"G";-13;47
"Xanxerê";"H";-12;-4
"Xanxerê";"I";7;2
"Xanxerê";"J";2;2
"Xanxerê";"K";-3;1
"Xanxerê";"L";-1;2
"Xanxerê";"M";-1;6
"Xanxerê";"N";-19;28
"Xanxerê";"O";-94;116
"Xanxerê";"P";-26;60
"Xanxerê";"Q";12;13
"Xanxerê";"R";0;-2
"Xanxerê";"S";1;22
"Xavantina";"A";1;0
"Xavantina";"C";NA;2
"Xavantina";"G";0;2
"Xavantina";"H";4;-2
"Xavantina";"I";NA;-1
"Xavantina";"K";NA;1
"Xavantina";"Q";-1;NA
"Xavantina";"S";NA;1
"Xaxim";"A";18;-6
"Xaxim";"C";-25;106
"Xaxim";"E";NA;-1
"Xaxim";"F";-24;40
"Xaxim";"G";-5;24
"Xaxim";"H";7;23
"Xaxim";"I";-5;5
"Xaxim";"J";3;2
"Xaxim";"K";-4;26
"Xaxim";"L";NA;0
"Xaxim";"M";-2;0
"Xaxim";"N";1;14
"Xaxim";"P";1;3
"Xaxim";"Q";0;8
"Xaxim";"R";-2;NA
"Xaxim";"S";-1;5
"Zortéa";"A";0;0
"Zortéa";"F";-2;0
"Zortéa";"G";0;0
"Zortéa";"H";-3;NA
"Zortéa";"M";1;NA
"Zortéa";"S";NA;1
